-- phpMyAdmin SQL Dump
-- version 4.0.10deb1
-- http://www.phpmyadmin.net
--
-- Host: localhost:80
-- Generation Time: Dec 18, 2014 at 05:33 PM
-- Server version: 5.5.40-0ubuntu0.14.04.1
-- PHP Version: 5.5.9-1ubuntu4.5

SET SQL_MODE = "NO_AUTO_VALUE_ON_ZERO";
SET time_zone = "+00:00";


/*!40101 SET @OLD_CHARACTER_SET_CLIENT=@@CHARACTER_SET_CLIENT */;
/*!40101 SET @OLD_CHARACTER_SET_RESULTS=@@CHARACTER_SET_RESULTS */;
/*!40101 SET @OLD_COLLATION_CONNECTION=@@COLLATION_CONNECTION */;
/*!40101 SET NAMES utf8 */;

--
-- Database: `hobby`
--

-- --------------------------------------------------------

--
-- Table structure for table `batch`
--

CREATE TABLE IF NOT EXISTS `batch` (
  `batch_id` int(10) unsigned NOT NULL AUTO_INCREMENT,
  `batch_title` varchar(50) COLLATE utf8_unicode_ci NOT NULL,
  `batch_category_id` int(11) NOT NULL,
  `batch_subcategory_id` int(11) NOT NULL,
  `batch_accomplishment` longtext COLLATE utf8_unicode_ci,
  `batch_institute_id` int(11) NOT NULL,
  `batch_start_date` date NOT NULL,
  `batch_end_date` date NOT NULL,
  `batch_start_time` time NOT NULL,
  `batch_end_time` time NOT NULL,
  `batch_venue_id` int(11) NOT NULL,
  `batch_difficulty_level` int(11) NOT NULL,
  `batch_age_group` int(11) NOT NULL,
  `batch_gender_group` int(11) NOT NULL,
  `batch_price` int(11) NOT NULL,
  `batch_recurring` tinyint(1) NOT NULL,
  `batch_approved` tinyint(1) NOT NULL,
  `batch_no_of_classes_in_week` int(11) NOT NULL,
  `batch_trial` int(11) NOT NULL,
  `batch_comment` varchar(255) COLLATE utf8_unicode_ci DEFAULT NULL,
  `batch_tagline` varchar(40) COLLATE utf8_unicode_ci DEFAULT NULL,
  `created_at` timestamp NOT NULL DEFAULT '0000-00-00 00:00:00',
  `updated_at` timestamp NOT NULL DEFAULT '0000-00-00 00:00:00',
  PRIMARY KEY (`batch_id`)
) ENGINE=InnoDB  DEFAULT CHARSET=utf8 COLLATE=utf8_unicode_ci AUTO_INCREMENT=21 ;

--
-- Dumping data for table `batch`
--

INSERT INTO `batch` (`batch_id`, `batch_title`, `batch_category_id`, `batch_subcategory_id`, `batch_accomplishment`, `batch_institute_id`, `batch_start_date`, `batch_end_date`, `batch_start_time`, `batch_end_time`, `batch_venue_id`, `batch_difficulty_level`, `batch_age_group`, `batch_gender_group`, `batch_price`, `batch_recurring`, `batch_approved`, `batch_no_of_classes_in_week`, `batch_trial`, `batch_comment`, `batch_tagline`, `created_at`, `updated_at`) VALUES
(1, 'Vada Stokes', 6, 3, '<p>Nisi veniam laboriosam sequi et occaecati consequatur.<p>', 10, '1971-02-01', '2013-05-18', '02:41:39', '11:08:22', 18, 1, 0, 0, 4779, 0, 1, 6, 0, 'zwqt', 'gqta', '0000-00-00 00:00:00', '0000-00-00 00:00:00'),
(2, 'Leonel Schowalter', 6, 20, '<p>Est modi aperiam delectus cum est. Dolores enim quae explicabo aut quia.<p>', 10, '1983-11-23', '2009-03-19', '05:45:19', '09:09:53', 20, 1, 2, 0, 1339, 1, 0, 2, 4, 'bygr', 'zipd', '0000-00-00 00:00:00', '0000-00-00 00:00:00'),
(3, 'Javier Osinski Jr.', 4, 3, '<p>Adipisci totam architecto magni quaerat iste corporis optio.<p>', 19, '1998-09-04', '2012-03-11', '15:35:37', '12:54:15', 2, 4, 0, 2, 4859, 1, 1, 4, 2, 'qtvo', 'ompe', '0000-00-00 00:00:00', '0000-00-00 00:00:00'),
(4, 'Dusty Jast', 2, 8, '<p>Quia quos temporibus totam necessitatibus velit.<p>', 12, '2007-05-17', '2014-08-22', '00:10:25', '19:56:42', 4, 3, 1, 2, 1392, 0, 0, 7, 2, 'qdff', 'ftql', '0000-00-00 00:00:00', '0000-00-00 00:00:00'),
(5, 'Rodger Koelpin', 6, 4, '<p>Molestiae totam beatae temporibus.<p>', 15, '1987-09-25', '2006-06-14', '02:33:14', '21:24:20', 11, 1, 0, 1, 2393, 0, 1, 5, 1, 'juop', 'pnya', '0000-00-00 00:00:00', '0000-00-00 00:00:00'),
(6, 'Emmitt Monahan III', 4, 19, '<p>Cumque cum ratione vero maiores. Esse quae aut autem est dolorum.<p>', 6, '2009-11-03', '1970-04-03', '00:27:10', '10:34:59', 19, 2, 1, 0, 4034, 1, 1, 4, 3, 'gnee', 'vsts', '0000-00-00 00:00:00', '0000-00-00 00:00:00'),
(7, 'Minnie O''Hara', 3, 5, '<p>Quia aut aspernatur dolorum voluptatibus quo voluptatem.<p>', 16, '2005-11-14', '1993-05-27', '08:04:04', '01:14:32', 17, 1, 1, 0, 1328, 0, 0, 1, 2, 'swfe', 'wnlr', '0000-00-00 00:00:00', '0000-00-00 00:00:00'),
(8, 'Adelle Cassin', 4, 11, '<p>Non ut animi tempore eum et excepturi.<p>', 18, '1984-02-28', '1971-04-07', '09:57:39', '13:48:24', 19, 4, 0, 0, 2622, 1, 0, 3, 0, 'cole', 'piac', '0000-00-00 00:00:00', '0000-00-00 00:00:00'),
(9, 'Kaia Simonis', 2, 6, '<p>Quis et culpa quia aut enim. Omnis cumque aut quisquam qui eligendi.<p>', 9, '1982-07-23', '2011-03-24', '14:55:56', '01:34:54', 11, 3, 0, 0, 3753, 0, 1, 1, 1, 'tgyt', 'ekns', '0000-00-00 00:00:00', '0000-00-00 00:00:00'),
(10, 'Evie Harber V', 5, 8, '<p>Et quas quam et.<p>', 17, '1993-03-14', '2014-03-23', '16:27:18', '16:23:06', 8, 4, 2, 2, 3406, 0, 0, 3, 2, 'tntf', 'yivc', '0000-00-00 00:00:00', '0000-00-00 00:00:00'),
(11, 'Deven Ward', 8, 19, '<p>Fugit sed doloremque qui. Eaque sequi sed iste quis.<p>', 2, '1970-07-07', '1980-05-21', '16:39:30', '22:30:36', 15, 2, 0, 0, 2785, 1, 1, 1, 3, 'ahpk', 'pdfs', '0000-00-00 00:00:00', '0000-00-00 00:00:00'),
(12, 'Marta Rippin', 3, 5, '<p>Tempore eaque error et officia quo exercitationem.<p>', 9, '2004-02-11', '2009-03-26', '09:25:27', '04:23:42', 8, 3, 2, 1, 1072, 0, 0, 7, 1, 'fxbh', 'qmjv', '0000-00-00 00:00:00', '0000-00-00 00:00:00'),
(13, 'Reanna Hettinger', 3, 1, '<p>Inventore eligendi deleniti fugiat porro non.<p>', 15, '1974-02-01', '1991-12-20', '11:17:52', '12:50:58', 12, 4, 0, 0, 1144, 1, 1, 2, 2, 'zwwj', 'udpa', '0000-00-00 00:00:00', '0000-00-00 00:00:00'),
(14, 'Kris Hickle PhD', 9, 4, '<p>Quidem sequi quis cum totam cupiditate. Qui unde quos ex ut rerum.<p>', 14, '2011-11-10', '1984-09-04', '16:39:57', '00:25:34', 6, 2, 1, 0, 4131, 1, 0, 2, 4, 'oyug', 'nnqg', '0000-00-00 00:00:00', '0000-00-00 00:00:00'),
(15, 'Mr. Alexis Stamm Sr.', 9, 16, '<p>Atque nemo nihil soluta non autem voluptatum.<p>', 19, '2010-10-09', '2014-08-03', '08:34:10', '06:17:24', 5, 2, 0, 2, 4815, 1, 1, 2, 0, 'duat', 'cbgv', '0000-00-00 00:00:00', '0000-00-00 00:00:00'),
(16, 'Mary Feil', 1, 9, '<p>Non aut voluptatem qui repellat.<p>', 16, '1975-08-04', '1971-05-07', '16:46:23', '19:45:55', 8, 2, 1, 1, 1460, 0, 0, 7, 2, 'eral', 'pits', '0000-00-00 00:00:00', '0000-00-00 00:00:00'),
(17, 'Hugh Wintheiser', 4, 10, '<p>Perspiciatis et iusto earum beatae.<p>', 17, '2001-04-26', '1994-10-15', '14:28:55', '02:01:16', 15, 2, 1, 1, 2412, 1, 1, 6, 4, 'yobq', 'nipp', '0000-00-00 00:00:00', '0000-00-00 00:00:00'),
(18, 'Miss Selena Crist', 5, 20, '<p>Accusamus laborum modi tenetur doloribus veniam.<p>', 12, '2007-03-07', '1993-07-30', '15:33:59', '10:01:50', 16, 4, 2, 1, 4695, 0, 0, 7, 2, 'leeh', 'kxsn', '0000-00-00 00:00:00', '0000-00-00 00:00:00'),
(19, 'Verna Lubowitz PhD', 5, 6, '<p>Neque praesentium ducimus aut dolorem itaque.<p>', 19, '1990-02-09', '2007-06-26', '16:09:50', '04:20:14', 10, 4, 2, 2, 1082, 1, 0, 6, 4, 'lzao', 'ewco', '0000-00-00 00:00:00', '0000-00-00 00:00:00'),
(20, 'Cecilia Rippin', 6, 2, '<p>Ut nisi et earum est esse. Fuga in quisquam voluptas adipisci.<p>', 12, '1972-03-09', '2003-02-17', '22:06:23', '07:13:28', 14, 2, 0, 1, 4762, 1, 0, 6, 2, 'mkkj', 'ywbe', '0000-00-00 00:00:00', '0000-00-00 00:00:00');

-- --------------------------------------------------------

--
-- Table structure for table `batch_keyword_map`
--

CREATE TABLE IF NOT EXISTS `batch_keyword_map` (
  `batch_id` int(11) NOT NULL,
  `keyword_id` int(11) NOT NULL
) ENGINE=InnoDB DEFAULT CHARSET=utf8 COLLATE=utf8_unicode_ci;

--
-- Dumping data for table `batch_keyword_map`
--

INSERT INTO `batch_keyword_map` (`batch_id`, `keyword_id`) VALUES
(12, 15),
(16, 1),
(17, 8),
(20, 20),
(16, 6),
(9, 3),
(8, 18),
(14, 3),
(11, 18),
(3, 18),
(10, 15),
(19, 18),
(8, 17),
(2, 7),
(15, 14),
(10, 6),
(15, 7),
(5, 9),
(8, 6),
(17, 5);

-- --------------------------------------------------------

--
-- Table structure for table `batch_photo_map`
--

CREATE TABLE IF NOT EXISTS `batch_photo_map` (
  `batch_id` int(11) NOT NULL,
  `photo_id` int(11) NOT NULL
) ENGINE=InnoDB DEFAULT CHARSET=utf8 COLLATE=utf8_unicode_ci;

--
-- Dumping data for table `batch_photo_map`
--

INSERT INTO `batch_photo_map` (`batch_id`, `photo_id`) VALUES
(8, 40),
(3, 3),
(8, 21),
(9, 22),
(7, 4),
(2, 36),
(1, 39),
(7, 1),
(2, 30),
(4, 41),
(2, 2),
(9, 44),
(8, 47),
(5, 18),
(3, 43),
(9, 20),
(4, 15),
(8, 16),
(6, 6),
(9, 27),
(4, 37),
(6, 25),
(7, 8),
(3, 26),
(7, 35),
(7, 46),
(6, 31),
(7, 13),
(7, 48),
(7, 28);

-- --------------------------------------------------------

--
-- Table structure for table `category`
--

CREATE TABLE IF NOT EXISTS `category` (
  `category_id` int(10) unsigned NOT NULL AUTO_INCREMENT,
  `category` varchar(50) COLLATE utf8_unicode_ci NOT NULL,
  `created_at` timestamp NOT NULL DEFAULT '0000-00-00 00:00:00',
  `updated_at` timestamp NOT NULL DEFAULT '0000-00-00 00:00:00',
  PRIMARY KEY (`category_id`)
) ENGINE=InnoDB  DEFAULT CHARSET=utf8 COLLATE=utf8_unicode_ci AUTO_INCREMENT=11 ;

--
-- Dumping data for table `category`
--

INSERT INTO `category` (`category_id`, `category`, `created_at`, `updated_at`) VALUES
(1, 'Art & Craft', '0000-00-00 00:00:00', '0000-00-00 00:00:00'),
(2, 'Cooking', '0000-00-00 00:00:00', '0000-00-00 00:00:00'),
(3, 'Dance', '0000-00-00 00:00:00', '0000-00-00 00:00:00'),
(4, 'Education', '0000-00-00 00:00:00', '0000-00-00 00:00:00'),
(5, 'Fitness', '0000-00-00 00:00:00', '0000-00-00 00:00:00'),
(6, 'Media', '0000-00-00 00:00:00', '0000-00-00 00:00:00'),
(7, 'Music', '0000-00-00 00:00:00', '0000-00-00 00:00:00'),
(8, 'Professional', '0000-00-00 00:00:00', '0000-00-00 00:00:00'),
(9, 'Sports', '0000-00-00 00:00:00', '0000-00-00 00:00:00'),
(10, 'Technology', '0000-00-00 00:00:00', '0000-00-00 00:00:00');

-- --------------------------------------------------------

--
-- Table structure for table `category_institute_map`
--

CREATE TABLE IF NOT EXISTS `category_institute_map` (
  `category_id` int(11) NOT NULL,
  `institute_id` int(11) NOT NULL
) ENGINE=InnoDB DEFAULT CHARSET=utf8 COLLATE=utf8_unicode_ci;

--
-- Dumping data for table `category_institute_map`
--

INSERT INTO `category_institute_map` (`category_id`, `institute_id`) VALUES
(1, 1),
(6, 4),
(4, 5),
(8, 7),
(2, 5),
(6, 1),
(2, 1),
(7, 5),
(4, 9),
(7, 3),
(6, 1),
(5, 1),
(4, 5),
(5, 5),
(7, 4),
(8, 5),
(8, 9),
(7, 3),
(4, 2),
(4, 2);

-- --------------------------------------------------------

--
-- Table structure for table `comment`
--

CREATE TABLE IF NOT EXISTS `comment` (
  `user_id` int(11) NOT NULL,
  `institute_id` int(11) NOT NULL,
  `comment` longtext COLLATE utf8_unicode_ci,
  `rating` int(11) NOT NULL,
  `created_at` timestamp NOT NULL DEFAULT '0000-00-00 00:00:00',
  `updated_at` timestamp NOT NULL DEFAULT '0000-00-00 00:00:00'
) ENGINE=InnoDB DEFAULT CHARSET=utf8 COLLATE=utf8_unicode_ci;

--
-- Dumping data for table `comment`
--

INSERT INTO `comment` (`user_id`, `institute_id`, `comment`, `rating`, `created_at`, `updated_at`) VALUES
(46, 2, '<p>Ut et distinctio qui minus ab.<p>', 1, '0000-00-00 00:00:00', '0000-00-00 00:00:00'),
(49, 4, '<p>Laudantium deserunt a quos omnis blanditiis ullam. Et recusandae et quaerat quaerat.<p>', 2, '0000-00-00 00:00:00', '0000-00-00 00:00:00'),
(7, 1, '<p>Odit aliquid voluptatem ratione dolor quaerat nostrum.<p>', 1, '0000-00-00 00:00:00', '0000-00-00 00:00:00'),
(22, 9, '<p>Nam doloremque in perspiciatis eos omnis autem accusamus.<p>', 3, '0000-00-00 00:00:00', '0000-00-00 00:00:00'),
(2, 9, '<p>Et aspernatur rerum autem dicta soluta est quia.<p>', 2, '0000-00-00 00:00:00', '0000-00-00 00:00:00'),
(6, 8, '<p>Provident amet distinctio voluptatibus magni nam.<p>', 1, '0000-00-00 00:00:00', '0000-00-00 00:00:00'),
(9, 2, '<p>Cupiditate asperiores distinctio neque libero est nisi. Adipisci fugit libero aut aut explicabo et excepturi iure.<p>', 5, '0000-00-00 00:00:00', '0000-00-00 00:00:00'),
(20, 6, '<p>Illum magni aut exercitationem nisi. Ut non voluptates mollitia eligendi et voluptatem error.<p>', 3, '0000-00-00 00:00:00', '0000-00-00 00:00:00'),
(4, 3, '<p>Quas quos molestias et natus ad.<p>', 1, '0000-00-00 00:00:00', '0000-00-00 00:00:00'),
(27, 6, '<p>Deleniti natus dolorem illum aspernatur dolorem. Dolores soluta iure non natus saepe nihil quasi eos.<p>', 3, '0000-00-00 00:00:00', '0000-00-00 00:00:00'),
(17, 9, '<p>Expedita dolores aut ut quibusdam molestiae aut eos. Autem et asperiores odio repudiandae consequuntur impedit.<p>', 4, '0000-00-00 00:00:00', '0000-00-00 00:00:00'),
(7, 9, '<p>Nemo rerum atque dolores ab nisi repudiandae. Ex ut quis fugiat sed modi quasi.<p>', 4, '0000-00-00 00:00:00', '0000-00-00 00:00:00'),
(32, 3, '<p>Suscipit dolores odit veritatis aut consequatur eaque. Illo ut harum accusamus nemo odio.<p>', 1, '0000-00-00 00:00:00', '0000-00-00 00:00:00'),
(32, 10, '<p>Sunt a dolor iusto rem iste. Quaerat inventore sed enim sint.<p>', 1, '0000-00-00 00:00:00', '0000-00-00 00:00:00'),
(34, 3, '<p>Molestias quibusdam aut nemo. Et soluta quia sit itaque aut ut maiores.<p>', 3, '0000-00-00 00:00:00', '0000-00-00 00:00:00'),
(34, 9, '<p>Et corporis iusto nostrum et ex voluptas et. Ea nemo eos eum qui excepturi.<p>', 5, '0000-00-00 00:00:00', '0000-00-00 00:00:00'),
(36, 4, '<p>Numquam et aut rerum optio eum et sint. Reprehenderit rerum sed et dolorem neque eaque sint.<p>', 4, '0000-00-00 00:00:00', '0000-00-00 00:00:00'),
(5, 5, '<p>Consequatur delectus vitae fugit itaque accusamus.<p>', 5, '0000-00-00 00:00:00', '0000-00-00 00:00:00'),
(1, 6, '<p>Sed aut vitae aperiam.<p>', 4, '0000-00-00 00:00:00', '0000-00-00 00:00:00'),
(16, 3, '<p>Fugit totam ipsa in suscipit voluptatem dicta.<p>', 5, '0000-00-00 00:00:00', '0000-00-00 00:00:00');

-- --------------------------------------------------------

--
-- Table structure for table `institute`
--

CREATE TABLE IF NOT EXISTS `institute` (
  `institute_id` int(10) unsigned NOT NULL AUTO_INCREMENT,
  `institute` varchar(50) COLLATE utf8_unicode_ci NOT NULL,
  `institute_location` varchar(50) COLLATE utf8_unicode_ci NOT NULL,
  `institute_url` varchar(255) COLLATE utf8_unicode_ci NOT NULL,
  `institute_website` varchar(255) COLLATE utf8_unicode_ci DEFAULT NULL,
  `institute_fblink` varchar(255) COLLATE utf8_unicode_ci DEFAULT NULL,
  `institute_twitter` varchar(255) COLLATE utf8_unicode_ci DEFAULT NULL,
  `institute_description` longtext COLLATE utf8_unicode_ci NOT NULL,
  `institute_approved` tinyint(1) NOT NULL,
  `created_at` timestamp NOT NULL DEFAULT '0000-00-00 00:00:00',
  `updated_at` timestamp NOT NULL DEFAULT '0000-00-00 00:00:00',
  PRIMARY KEY (`institute_id`)
) ENGINE=InnoDB  DEFAULT CHARSET=utf8 COLLATE=utf8_unicode_ci AUTO_INCREMENT=11 ;

--
-- Dumping data for table `institute`
--

INSERT INTO `institute` (`institute_id`, `institute`, `institute_location`, `institute_url`, `institute_website`, `institute_fblink`, `institute_twitter`, `institute_description`, `institute_approved`, `created_at`, `updated_at`) VALUES
(1, 'Hoppe-Ruecker', '', 'Krajcik, Zieme and Kessler', 'http://kertzmanngerlach.com/', 'hilbert98', 'branson42', '<p>Quam quo aut amet perspiciatis cumque sed.<p>', 0, '0000-00-00 00:00:00', '0000-00-00 00:00:00'),
(2, 'Ritchie-Effertz', '', 'Wiegand Group', 'http://gutkowskirobel.net/', 'daren52', 'sven84', '<p>Omnis odit consequuntur quis mollitia eos. In et exercitationem reiciendis qui.<p>', 0, '0000-00-00 00:00:00', '0000-00-00 00:00:00'),
(3, 'Marvin-Schmidt', '', 'Johns-Dickens', 'http://www.nikolaus.org/', 'dheller', 'jamel.rath', '<p>Sint tempora illum eum.<p>', 0, '0000-00-00 00:00:00', '0000-00-00 00:00:00'),
(4, 'Gislason-Nienow', '', 'Weimann PLC', 'http://www.tremblay.net/', 'wisoky.karina', 'mosciski.lesley', '<p>Est officia nulla sapiente velit itaque sunt. Perspiciatis sit est architecto vero.<p>', 0, '0000-00-00 00:00:00', '0000-00-00 00:00:00'),
(5, 'Maggio-Rippin', '', 'Veum, Fadel and Marvin', 'http://mayer.com/', 'jamal.rath', 'madisyn.yundt', '<p>Consequuntur voluptatem illum maiores ad neque aperiam labore.<p>', 0, '0000-00-00 00:00:00', '0000-00-00 00:00:00'),
(6, 'Stanton and Sons', '', 'Smith-Fritsch', 'http://www.stammschultz.com/', 'karina08', 'tina.heidenreich', '<p>Neque eaque consequatur et.<p>', 1, '0000-00-00 00:00:00', '0000-00-00 00:00:00'),
(7, 'Torphy Group', '', 'Braun Inc', 'http://gleichner.com/', 'orville.wolff', 'winnifred.schmidt', '<p>Voluptatem nisi fuga illum et delectus est.<p>', 1, '0000-00-00 00:00:00', '0000-00-00 00:00:00'),
(8, 'Wiegand-Schumm', '', 'Batz PLC', 'http://www.wisozk.org/', 'moen.leonie', 'uherzog', '<p>Architecto accusamus magnam qui illo qui aliquid. Aut iste necessitatibus eligendi eveniet vitae.<p>', 1, '0000-00-00 00:00:00', '0000-00-00 00:00:00'),
(9, 'Marvin, Lubowitz and Baumbach', '', 'Strosin PLC', 'http://www.morissette.biz/', 'fbecker', 'hiram.hirthe', '<p>Veniam cum omnis natus aperiam debitis.<p>', 1, '0000-00-00 00:00:00', '0000-00-00 00:00:00'),
(10, 'Medhurst-Wisoky', '', 'Block Inc', 'http://www.johns.info/', 'effertz.delfina', 'luettgen.cyrus', '<p>Ut est accusamus alias et maxime quam aliquam.<p>', 1, '0000-00-00 00:00:00', '0000-00-00 00:00:00');

-- --------------------------------------------------------

--
-- Table structure for table `keyword`
--

CREATE TABLE IF NOT EXISTS `keyword` (
  `keyword_id` int(10) unsigned NOT NULL AUTO_INCREMENT,
  `keyword` varchar(255) COLLATE utf8_unicode_ci NOT NULL,
  `created_at` timestamp NOT NULL DEFAULT '0000-00-00 00:00:00',
  `updated_at` timestamp NOT NULL DEFAULT '0000-00-00 00:00:00',
  PRIMARY KEY (`keyword_id`)
) ENGINE=InnoDB  DEFAULT CHARSET=utf8 COLLATE=utf8_unicode_ci AUTO_INCREMENT=201 ;

--
-- Dumping data for table `keyword`
--

INSERT INTO `keyword` (`keyword_id`, `keyword`, `created_at`, `updated_at`) VALUES
(1, 'Hudson Inc', '0000-00-00 00:00:00', '0000-00-00 00:00:00'),
(2, 'Weissnat and Sons', '0000-00-00 00:00:00', '0000-00-00 00:00:00'),
(3, 'Walker, Rutherford and Dach', '0000-00-00 00:00:00', '0000-00-00 00:00:00'),
(4, 'O''Reilly, Lockman and Schmidt', '0000-00-00 00:00:00', '0000-00-00 00:00:00'),
(5, 'Shanahan-Stracke', '0000-00-00 00:00:00', '0000-00-00 00:00:00'),
(6, 'Stroman Group', '0000-00-00 00:00:00', '0000-00-00 00:00:00'),
(7, 'Rolfson-Hudson', '0000-00-00 00:00:00', '0000-00-00 00:00:00'),
(8, 'Ritchie Inc', '0000-00-00 00:00:00', '0000-00-00 00:00:00'),
(9, 'Haag Ltd', '0000-00-00 00:00:00', '0000-00-00 00:00:00'),
(10, 'McGlynn LLC', '0000-00-00 00:00:00', '0000-00-00 00:00:00'),
(11, 'Bednar, Keebler and Feeney', '0000-00-00 00:00:00', '0000-00-00 00:00:00'),
(12, 'Anderson, Nikolaus and VonRueden', '0000-00-00 00:00:00', '0000-00-00 00:00:00'),
(13, 'Bergnaum, Wunsch and Ernser', '0000-00-00 00:00:00', '0000-00-00 00:00:00'),
(14, 'Reinger PLC', '0000-00-00 00:00:00', '0000-00-00 00:00:00'),
(15, 'Cummings, Bradtke and Hahn', '0000-00-00 00:00:00', '0000-00-00 00:00:00'),
(16, 'Mueller PLC', '0000-00-00 00:00:00', '0000-00-00 00:00:00'),
(17, 'Nolan, Johnston and Brekke', '0000-00-00 00:00:00', '0000-00-00 00:00:00'),
(18, 'Breitenberg, Wehner and Stark', '0000-00-00 00:00:00', '0000-00-00 00:00:00'),
(19, 'O''Hara-Kemmer', '0000-00-00 00:00:00', '0000-00-00 00:00:00'),
(20, 'Purdy-Frami', '0000-00-00 00:00:00', '0000-00-00 00:00:00'),
(21, 'Harvey-Nicolas', '0000-00-00 00:00:00', '0000-00-00 00:00:00'),
(22, 'Keebler PLC', '0000-00-00 00:00:00', '0000-00-00 00:00:00'),
(23, 'Altenwerth Ltd', '0000-00-00 00:00:00', '0000-00-00 00:00:00'),
(24, 'Gleason-Weber', '0000-00-00 00:00:00', '0000-00-00 00:00:00'),
(25, 'Harvey-Conn', '0000-00-00 00:00:00', '0000-00-00 00:00:00'),
(26, 'Kemmer LLC', '0000-00-00 00:00:00', '0000-00-00 00:00:00'),
(27, 'Stoltenberg Ltd', '0000-00-00 00:00:00', '0000-00-00 00:00:00'),
(28, 'Bahringer LLC', '0000-00-00 00:00:00', '0000-00-00 00:00:00'),
(29, 'Beer, Jakubowski and Nader', '0000-00-00 00:00:00', '0000-00-00 00:00:00'),
(30, 'Balistreri-Herman', '0000-00-00 00:00:00', '0000-00-00 00:00:00'),
(31, 'Ortiz-Lebsack', '0000-00-00 00:00:00', '0000-00-00 00:00:00'),
(32, 'Satterfield Group', '0000-00-00 00:00:00', '0000-00-00 00:00:00'),
(33, 'Sporer PLC', '0000-00-00 00:00:00', '0000-00-00 00:00:00'),
(34, 'Witting-Gutmann', '0000-00-00 00:00:00', '0000-00-00 00:00:00'),
(35, 'Satterfield, Mraz and Prohaska', '0000-00-00 00:00:00', '0000-00-00 00:00:00'),
(36, 'Leuschke, Gerhold and Welch', '0000-00-00 00:00:00', '0000-00-00 00:00:00'),
(37, 'Kovacek, Hammes and Stoltenberg', '0000-00-00 00:00:00', '0000-00-00 00:00:00'),
(38, 'Nicolas Group', '0000-00-00 00:00:00', '0000-00-00 00:00:00'),
(39, 'Ferry-Pouros', '0000-00-00 00:00:00', '0000-00-00 00:00:00'),
(40, 'Cronin-Mitchell', '0000-00-00 00:00:00', '0000-00-00 00:00:00'),
(41, 'Torp, Parisian and Stehr', '0000-00-00 00:00:00', '0000-00-00 00:00:00'),
(42, 'Carroll PLC', '0000-00-00 00:00:00', '0000-00-00 00:00:00'),
(43, 'Lockman Group', '0000-00-00 00:00:00', '0000-00-00 00:00:00'),
(44, 'Herman-Ebert', '0000-00-00 00:00:00', '0000-00-00 00:00:00'),
(45, 'Kunze, Lehner and Rice', '0000-00-00 00:00:00', '0000-00-00 00:00:00'),
(46, 'Jones LLC', '0000-00-00 00:00:00', '0000-00-00 00:00:00'),
(47, 'Abernathy, Balistreri and Jast', '0000-00-00 00:00:00', '0000-00-00 00:00:00'),
(48, 'Mueller and Sons', '0000-00-00 00:00:00', '0000-00-00 00:00:00'),
(49, 'Satterfield LLC', '0000-00-00 00:00:00', '0000-00-00 00:00:00'),
(50, 'Koepp, Beer and Beer', '0000-00-00 00:00:00', '0000-00-00 00:00:00'),
(51, 'Ziemann-Rippin', '0000-00-00 00:00:00', '0000-00-00 00:00:00'),
(52, 'Williamson, Keeling and Nitzsche', '0000-00-00 00:00:00', '0000-00-00 00:00:00'),
(53, 'Boyle, Treutel and Abbott', '0000-00-00 00:00:00', '0000-00-00 00:00:00'),
(54, 'Kuhn, Ward and Shanahan', '0000-00-00 00:00:00', '0000-00-00 00:00:00'),
(55, 'Fisher-Stark', '0000-00-00 00:00:00', '0000-00-00 00:00:00'),
(56, 'Miller Inc', '0000-00-00 00:00:00', '0000-00-00 00:00:00'),
(57, 'Hilpert, Gutkowski and Walter', '0000-00-00 00:00:00', '0000-00-00 00:00:00'),
(58, 'DuBuque-Altenwerth', '0000-00-00 00:00:00', '0000-00-00 00:00:00'),
(59, 'Bailey, Von and Armstrong', '0000-00-00 00:00:00', '0000-00-00 00:00:00'),
(60, 'Torp, Bashirian and Weimann', '0000-00-00 00:00:00', '0000-00-00 00:00:00'),
(61, 'Quitzon, Bogan and Morissette', '0000-00-00 00:00:00', '0000-00-00 00:00:00'),
(62, 'Hauck, Waelchi and Flatley', '0000-00-00 00:00:00', '0000-00-00 00:00:00'),
(63, 'Ernser LLC', '0000-00-00 00:00:00', '0000-00-00 00:00:00'),
(64, 'O''Conner-Yundt', '0000-00-00 00:00:00', '0000-00-00 00:00:00'),
(65, 'Rau, Thiel and Vandervort', '0000-00-00 00:00:00', '0000-00-00 00:00:00'),
(66, 'Brakus, Jaskolski and Adams', '0000-00-00 00:00:00', '0000-00-00 00:00:00'),
(67, 'Buckridge, Conn and Brekke', '0000-00-00 00:00:00', '0000-00-00 00:00:00'),
(68, 'Sawayn, Rau and Effertz', '0000-00-00 00:00:00', '0000-00-00 00:00:00'),
(69, 'Quitzon and Sons', '0000-00-00 00:00:00', '0000-00-00 00:00:00'),
(70, 'Sipes-O''Connell', '0000-00-00 00:00:00', '0000-00-00 00:00:00'),
(71, 'Botsford-Baumbach', '0000-00-00 00:00:00', '0000-00-00 00:00:00'),
(72, 'Schaden, O''Conner and Treutel', '0000-00-00 00:00:00', '0000-00-00 00:00:00'),
(73, 'Dickinson and Sons', '0000-00-00 00:00:00', '0000-00-00 00:00:00'),
(74, 'Johnston Ltd', '0000-00-00 00:00:00', '0000-00-00 00:00:00'),
(75, 'Jewess, Aufderhar and Kutch', '0000-00-00 00:00:00', '0000-00-00 00:00:00'),
(76, 'Cassin, Block and Oberbrunner', '0000-00-00 00:00:00', '0000-00-00 00:00:00'),
(77, 'Kihn-Price', '0000-00-00 00:00:00', '0000-00-00 00:00:00'),
(78, 'Prosacco-Grant', '0000-00-00 00:00:00', '0000-00-00 00:00:00'),
(79, 'Graham-Graham', '0000-00-00 00:00:00', '0000-00-00 00:00:00'),
(80, 'Schiller-Beer', '0000-00-00 00:00:00', '0000-00-00 00:00:00'),
(81, 'Schneider PLC', '0000-00-00 00:00:00', '0000-00-00 00:00:00'),
(82, 'McKenzie, Hand and Jerde', '0000-00-00 00:00:00', '0000-00-00 00:00:00'),
(83, 'Marquardt-Kilback', '0000-00-00 00:00:00', '0000-00-00 00:00:00'),
(84, 'Ryan-Hartmann', '0000-00-00 00:00:00', '0000-00-00 00:00:00'),
(85, 'Lesch-O''Keefe', '0000-00-00 00:00:00', '0000-00-00 00:00:00'),
(86, 'Nitzsche, Schultz and Kovacek', '0000-00-00 00:00:00', '0000-00-00 00:00:00'),
(87, 'Durgan-Zemlak', '0000-00-00 00:00:00', '0000-00-00 00:00:00'),
(88, 'Barton, Lesch and Bartell', '0000-00-00 00:00:00', '0000-00-00 00:00:00'),
(89, 'Feeney, Hodkiewicz and Keebler', '0000-00-00 00:00:00', '0000-00-00 00:00:00'),
(90, 'Cummerata-Weissnat', '0000-00-00 00:00:00', '0000-00-00 00:00:00'),
(91, 'Gutmann, Lesch and Balistreri', '0000-00-00 00:00:00', '0000-00-00 00:00:00'),
(92, 'Kuphal-Jenkins', '0000-00-00 00:00:00', '0000-00-00 00:00:00'),
(93, 'Barrows Group', '0000-00-00 00:00:00', '0000-00-00 00:00:00'),
(94, 'Wolff, Romaguera and Beatty', '0000-00-00 00:00:00', '0000-00-00 00:00:00'),
(95, 'Macejkovic Group', '0000-00-00 00:00:00', '0000-00-00 00:00:00'),
(96, 'Dicki PLC', '0000-00-00 00:00:00', '0000-00-00 00:00:00'),
(97, 'Bashirian, Prosacco and Herman', '0000-00-00 00:00:00', '0000-00-00 00:00:00'),
(98, 'Kerluke, Hartmann and Aufderhar', '0000-00-00 00:00:00', '0000-00-00 00:00:00'),
(99, 'Hartmann, Terry and Langosh', '0000-00-00 00:00:00', '0000-00-00 00:00:00'),
(100, 'Willms, O''Keefe and Donnelly', '0000-00-00 00:00:00', '0000-00-00 00:00:00'),
(101, 'Osinski-Mante', '0000-00-00 00:00:00', '0000-00-00 00:00:00'),
(102, 'Lindgren Inc', '0000-00-00 00:00:00', '0000-00-00 00:00:00'),
(103, 'Romaguera, Grimes and Dietrich', '0000-00-00 00:00:00', '0000-00-00 00:00:00'),
(104, 'Padberg-Leuschke', '0000-00-00 00:00:00', '0000-00-00 00:00:00'),
(105, 'Macejkovic-Koelpin', '0000-00-00 00:00:00', '0000-00-00 00:00:00'),
(106, 'Price Group', '0000-00-00 00:00:00', '0000-00-00 00:00:00'),
(107, 'Abshire and Sons', '0000-00-00 00:00:00', '0000-00-00 00:00:00'),
(108, 'Douglas LLC', '0000-00-00 00:00:00', '0000-00-00 00:00:00'),
(109, 'Hartmann LLC', '0000-00-00 00:00:00', '0000-00-00 00:00:00'),
(110, 'Leannon PLC', '0000-00-00 00:00:00', '0000-00-00 00:00:00'),
(111, 'Howell Inc', '0000-00-00 00:00:00', '0000-00-00 00:00:00'),
(112, 'Considine LLC', '0000-00-00 00:00:00', '0000-00-00 00:00:00'),
(113, 'Fisher, McCullough and Halvorson', '0000-00-00 00:00:00', '0000-00-00 00:00:00'),
(114, 'Jacobi-Watsica', '0000-00-00 00:00:00', '0000-00-00 00:00:00'),
(115, 'Weissnat, Wiegand and Raynor', '0000-00-00 00:00:00', '0000-00-00 00:00:00'),
(116, 'Bode, Kutch and Quigley', '0000-00-00 00:00:00', '0000-00-00 00:00:00'),
(117, 'Prohaska Inc', '0000-00-00 00:00:00', '0000-00-00 00:00:00'),
(118, 'Erdman-Kulas', '0000-00-00 00:00:00', '0000-00-00 00:00:00'),
(119, 'Kessler PLC', '0000-00-00 00:00:00', '0000-00-00 00:00:00'),
(120, 'Stanton LLC', '0000-00-00 00:00:00', '0000-00-00 00:00:00'),
(121, 'Maggio-Hane', '0000-00-00 00:00:00', '0000-00-00 00:00:00'),
(122, 'Berge-Ruecker', '0000-00-00 00:00:00', '0000-00-00 00:00:00'),
(123, 'Zieme-Doyle', '0000-00-00 00:00:00', '0000-00-00 00:00:00'),
(124, 'Yost-Ruecker', '0000-00-00 00:00:00', '0000-00-00 00:00:00'),
(125, 'Hoeger Inc', '0000-00-00 00:00:00', '0000-00-00 00:00:00'),
(126, 'Boyle, Cummings and Smitham', '0000-00-00 00:00:00', '0000-00-00 00:00:00'),
(127, 'Nienow Ltd', '0000-00-00 00:00:00', '0000-00-00 00:00:00'),
(128, 'Hagenes, Johns and Beahan', '0000-00-00 00:00:00', '0000-00-00 00:00:00'),
(129, 'Schinner, Deckow and Breitenberg', '0000-00-00 00:00:00', '0000-00-00 00:00:00'),
(130, 'Toy Inc', '0000-00-00 00:00:00', '0000-00-00 00:00:00'),
(131, 'Schmeler, Zboncak and Torphy', '0000-00-00 00:00:00', '0000-00-00 00:00:00'),
(132, 'Moen-Boyer', '0000-00-00 00:00:00', '0000-00-00 00:00:00'),
(133, 'Predovic, Ruecker and Collins', '0000-00-00 00:00:00', '0000-00-00 00:00:00'),
(134, 'Wunsch Group', '0000-00-00 00:00:00', '0000-00-00 00:00:00'),
(135, 'Frami-Cartwright', '0000-00-00 00:00:00', '0000-00-00 00:00:00'),
(136, 'Doyle Ltd', '0000-00-00 00:00:00', '0000-00-00 00:00:00'),
(137, 'Jaskolski Ltd', '0000-00-00 00:00:00', '0000-00-00 00:00:00'),
(138, 'Hermann and Sons', '0000-00-00 00:00:00', '0000-00-00 00:00:00'),
(139, 'Daniel, Schimmel and Homenick', '0000-00-00 00:00:00', '0000-00-00 00:00:00'),
(140, 'Quigley and Sons', '0000-00-00 00:00:00', '0000-00-00 00:00:00'),
(141, 'Nikolaus-Thiel', '0000-00-00 00:00:00', '0000-00-00 00:00:00'),
(142, 'Littel-Lockman', '0000-00-00 00:00:00', '0000-00-00 00:00:00'),
(143, 'Walter, Bosco and Romaguera', '0000-00-00 00:00:00', '0000-00-00 00:00:00'),
(144, 'Towne Inc', '0000-00-00 00:00:00', '0000-00-00 00:00:00'),
(145, 'Hudson-Collier', '0000-00-00 00:00:00', '0000-00-00 00:00:00'),
(146, 'Champlin-Moore', '0000-00-00 00:00:00', '0000-00-00 00:00:00'),
(147, 'Stroman, Marks and Dare', '0000-00-00 00:00:00', '0000-00-00 00:00:00'),
(148, 'Kuphal LLC', '0000-00-00 00:00:00', '0000-00-00 00:00:00'),
(149, 'Von-Lemke', '0000-00-00 00:00:00', '0000-00-00 00:00:00'),
(150, 'Lemke, Gislason and Thiel', '0000-00-00 00:00:00', '0000-00-00 00:00:00'),
(151, 'Lockman-McDermott', '0000-00-00 00:00:00', '0000-00-00 00:00:00'),
(152, 'Hauck, Botsford and Hudson', '0000-00-00 00:00:00', '0000-00-00 00:00:00'),
(153, 'Spencer-Hodkiewicz', '0000-00-00 00:00:00', '0000-00-00 00:00:00'),
(154, 'Mitchell-Considine', '0000-00-00 00:00:00', '0000-00-00 00:00:00'),
(155, 'O''Reilly PLC', '0000-00-00 00:00:00', '0000-00-00 00:00:00'),
(156, 'Douglas-Gutmann', '0000-00-00 00:00:00', '0000-00-00 00:00:00'),
(157, 'Murphy, Johnson and Gulgowski', '0000-00-00 00:00:00', '0000-00-00 00:00:00'),
(158, 'Kihn-Ankunding', '0000-00-00 00:00:00', '0000-00-00 00:00:00'),
(159, 'Schulist PLC', '0000-00-00 00:00:00', '0000-00-00 00:00:00'),
(160, 'Hamill-Eichmann', '0000-00-00 00:00:00', '0000-00-00 00:00:00'),
(161, 'Rowe, Hayes and Konopelski', '0000-00-00 00:00:00', '0000-00-00 00:00:00'),
(162, 'Nader, Keebler and Wunsch', '0000-00-00 00:00:00', '0000-00-00 00:00:00'),
(163, 'Glover, Cruickshank and Stracke', '0000-00-00 00:00:00', '0000-00-00 00:00:00'),
(164, 'Jacobi-Morar', '0000-00-00 00:00:00', '0000-00-00 00:00:00'),
(165, 'Bailey Group', '0000-00-00 00:00:00', '0000-00-00 00:00:00'),
(166, 'Oberbrunner-Parker', '0000-00-00 00:00:00', '0000-00-00 00:00:00'),
(167, 'Davis Inc', '0000-00-00 00:00:00', '0000-00-00 00:00:00'),
(168, 'Murray and Sons', '0000-00-00 00:00:00', '0000-00-00 00:00:00'),
(169, 'Herzog Ltd', '0000-00-00 00:00:00', '0000-00-00 00:00:00'),
(170, 'Oberbrunner LLC', '0000-00-00 00:00:00', '0000-00-00 00:00:00'),
(171, 'Emard, Lesch and Klocko', '0000-00-00 00:00:00', '0000-00-00 00:00:00'),
(172, 'Abernathy-Medhurst', '0000-00-00 00:00:00', '0000-00-00 00:00:00'),
(173, 'Nienow, Luettgen and Howe', '0000-00-00 00:00:00', '0000-00-00 00:00:00'),
(174, 'Runolfsdottir-Leannon', '0000-00-00 00:00:00', '0000-00-00 00:00:00'),
(175, 'Wisozk, Rogahn and O''Reilly', '0000-00-00 00:00:00', '0000-00-00 00:00:00'),
(176, 'Cummings, Connelly and Wilkinson', '0000-00-00 00:00:00', '0000-00-00 00:00:00'),
(177, 'Weissnat LLC', '0000-00-00 00:00:00', '0000-00-00 00:00:00'),
(178, 'Bruen Group', '0000-00-00 00:00:00', '0000-00-00 00:00:00'),
(179, 'Haag-Kautzer', '0000-00-00 00:00:00', '0000-00-00 00:00:00'),
(180, 'Homenick-Gleason', '0000-00-00 00:00:00', '0000-00-00 00:00:00'),
(181, 'Konopelski-Douglas', '0000-00-00 00:00:00', '0000-00-00 00:00:00'),
(182, 'Walker-Gutkowski', '0000-00-00 00:00:00', '0000-00-00 00:00:00'),
(183, 'Schmidt PLC', '0000-00-00 00:00:00', '0000-00-00 00:00:00'),
(184, 'Jewess and Sons', '0000-00-00 00:00:00', '0000-00-00 00:00:00'),
(185, 'Wisoky Ltd', '0000-00-00 00:00:00', '0000-00-00 00:00:00'),
(186, 'Rice-Hessel', '0000-00-00 00:00:00', '0000-00-00 00:00:00'),
(187, 'Runolfsdottir LLC', '0000-00-00 00:00:00', '0000-00-00 00:00:00'),
(188, 'Gerlach, Simonis and Morissette', '0000-00-00 00:00:00', '0000-00-00 00:00:00'),
(189, 'Block, Wisoky and Rogahn', '0000-00-00 00:00:00', '0000-00-00 00:00:00'),
(190, 'Douglas, Waters and Gottlieb', '0000-00-00 00:00:00', '0000-00-00 00:00:00'),
(191, 'Thiel, Hamill and Frami', '0000-00-00 00:00:00', '0000-00-00 00:00:00'),
(192, 'Parker Ltd', '0000-00-00 00:00:00', '0000-00-00 00:00:00'),
(193, 'Wuckert-Goodwin', '0000-00-00 00:00:00', '0000-00-00 00:00:00'),
(194, 'Miller-Towne', '0000-00-00 00:00:00', '0000-00-00 00:00:00'),
(195, 'Bashirian-Gleason', '0000-00-00 00:00:00', '0000-00-00 00:00:00'),
(196, 'Wiza PLC', '0000-00-00 00:00:00', '0000-00-00 00:00:00'),
(197, 'Smitham PLC', '0000-00-00 00:00:00', '0000-00-00 00:00:00'),
(198, 'Funk-Abbott', '0000-00-00 00:00:00', '0000-00-00 00:00:00'),
(199, 'Runolfsdottir LLC', '0000-00-00 00:00:00', '0000-00-00 00:00:00'),
(200, 'Stanton, Lynch and Hansen', '0000-00-00 00:00:00', '0000-00-00 00:00:00');

-- --------------------------------------------------------

--
-- Table structure for table `location`
--

CREATE TABLE IF NOT EXISTS `location` (
  `location_id` int(10) unsigned NOT NULL AUTO_INCREMENT,
  `location` varchar(255) COLLATE utf8_unicode_ci NOT NULL,
  `created_at` timestamp NOT NULL DEFAULT '0000-00-00 00:00:00',
  `updated_at` timestamp NOT NULL DEFAULT '0000-00-00 00:00:00',
  PRIMARY KEY (`location_id`)
) ENGINE=InnoDB  DEFAULT CHARSET=utf8 COLLATE=utf8_unicode_ci AUTO_INCREMENT=11 ;

--
-- Dumping data for table `location`
--

INSERT INTO `location` (`location_id`, `location`, `created_at`, `updated_at`) VALUES
(1, 'Mertzborough', '0000-00-00 00:00:00', '0000-00-00 00:00:00'),
(2, 'East Maurine', '0000-00-00 00:00:00', '0000-00-00 00:00:00'),
(3, 'West Lacy', '0000-00-00 00:00:00', '0000-00-00 00:00:00'),
(4, 'East Gregg', '0000-00-00 00:00:00', '0000-00-00 00:00:00'),
(5, 'Lake Liza', '0000-00-00 00:00:00', '0000-00-00 00:00:00'),
(6, 'Pollichland', '0000-00-00 00:00:00', '0000-00-00 00:00:00'),
(7, 'Heidenreichmouth', '0000-00-00 00:00:00', '0000-00-00 00:00:00'),
(8, 'South Wellingtonburgh', '0000-00-00 00:00:00', '0000-00-00 00:00:00'),
(9, 'Lennyview', '0000-00-00 00:00:00', '0000-00-00 00:00:00'),
(10, 'Makennaborough', '0000-00-00 00:00:00', '0000-00-00 00:00:00');

-- --------------------------------------------------------

--
-- Table structure for table `migrations`
--

CREATE TABLE IF NOT EXISTS `migrations` (
  `migration` varchar(255) COLLATE utf8_unicode_ci NOT NULL,
  `batch` int(11) NOT NULL
) ENGINE=InnoDB DEFAULT CHARSET=utf8 COLLATE=utf8_unicode_ci;

--
-- Dumping data for table `migrations`
--

INSERT INTO `migrations` (`migration`, `batch`) VALUES
('2014_12_17_145444_create_batch_table', 1),
('2014_12_17_145512_create_batch_keyword_map_table', 1),
('2014_12_17_145523_create_batch_photo_map_table', 1),
('2014_12_17_145538_create_category_table', 1),
('2014_12_17_145550_create_category_institute_map', 1),
('2014_12_17_145602_create_comment_table', 1),
('2014_12_17_145613_create_institute_table', 1),
('2014_12_17_145624_create_keyword_table', 1),
('2014_12_17_145700_create_location_table', 1),
('2014_12_17_145713_create_user_table', 1),
('2014_12_17_145722_create_venue_table', 1),
('2014_12_17_152341_create_subcategory_table', 1);

-- --------------------------------------------------------

--
-- Table structure for table `subcategory`
--

CREATE TABLE IF NOT EXISTS `subcategory` (
  `subcategory_id` int(10) unsigned NOT NULL AUTO_INCREMENT,
  `category_id` int(11) NOT NULL,
  `subcategory` varchar(255) COLLATE utf8_unicode_ci NOT NULL,
  `created_at` timestamp NOT NULL DEFAULT '0000-00-00 00:00:00',
  `updated_at` timestamp NOT NULL DEFAULT '0000-00-00 00:00:00',
  PRIMARY KEY (`subcategory_id`)
) ENGINE=InnoDB  DEFAULT CHARSET=utf8 COLLATE=utf8_unicode_ci AUTO_INCREMENT=51 ;

--
-- Dumping data for table `subcategory`
--

INSERT INTO `subcategory` (`subcategory_id`, `category_id`, `subcategory`, `created_at`, `updated_at`) VALUES
(1, 6, 'Haskell Kerluke', '0000-00-00 00:00:00', '0000-00-00 00:00:00'),
(2, 4, 'Elmo Dibbert', '0000-00-00 00:00:00', '0000-00-00 00:00:00'),
(3, 9, 'Reuben Rowe', '0000-00-00 00:00:00', '0000-00-00 00:00:00'),
(4, 4, 'Natalie Thiel', '0000-00-00 00:00:00', '0000-00-00 00:00:00'),
(5, 2, 'Mr. Rafael Stehr V', '0000-00-00 00:00:00', '0000-00-00 00:00:00'),
(6, 2, 'Lenora Marks', '0000-00-00 00:00:00', '0000-00-00 00:00:00'),
(7, 4, 'Blanca Adams', '0000-00-00 00:00:00', '0000-00-00 00:00:00'),
(8, 4, 'Gideon Daugherty', '0000-00-00 00:00:00', '0000-00-00 00:00:00'),
(9, 9, 'Cornell Keeling', '0000-00-00 00:00:00', '0000-00-00 00:00:00'),
(10, 1, 'Valentine Goldner', '0000-00-00 00:00:00', '0000-00-00 00:00:00'),
(11, 7, 'Haley Kautzer', '0000-00-00 00:00:00', '0000-00-00 00:00:00'),
(12, 3, 'Miss Easton Feil', '0000-00-00 00:00:00', '0000-00-00 00:00:00'),
(13, 2, 'Lorna Wolf', '0000-00-00 00:00:00', '0000-00-00 00:00:00'),
(14, 3, 'Dr. Roosevelt Kiehn III', '0000-00-00 00:00:00', '0000-00-00 00:00:00'),
(15, 4, 'Sarina Wolff', '0000-00-00 00:00:00', '0000-00-00 00:00:00'),
(16, 3, 'Mr. Alice Wolf', '0000-00-00 00:00:00', '0000-00-00 00:00:00'),
(17, 4, 'Aurelie Hirthe Sr.', '0000-00-00 00:00:00', '0000-00-00 00:00:00'),
(18, 2, 'Ola Rosenbaum', '0000-00-00 00:00:00', '0000-00-00 00:00:00'),
(19, 7, 'Lyla Rolfson', '0000-00-00 00:00:00', '0000-00-00 00:00:00'),
(20, 6, 'Kira Daugherty', '0000-00-00 00:00:00', '0000-00-00 00:00:00'),
(21, 2, 'Pasquale Grant Sr.', '0000-00-00 00:00:00', '0000-00-00 00:00:00'),
(22, 3, 'Coty Mertz DVM', '0000-00-00 00:00:00', '0000-00-00 00:00:00'),
(23, 9, 'Murphy D''Amore', '0000-00-00 00:00:00', '0000-00-00 00:00:00'),
(24, 2, 'Dr. Kassandra Smith', '0000-00-00 00:00:00', '0000-00-00 00:00:00'),
(25, 4, 'Aileen Kozey', '0000-00-00 00:00:00', '0000-00-00 00:00:00'),
(26, 9, 'Ella Schamberger IV', '0000-00-00 00:00:00', '0000-00-00 00:00:00'),
(27, 3, 'Jodie Maggio', '0000-00-00 00:00:00', '0000-00-00 00:00:00'),
(28, 1, 'Mr. Cara Russel', '0000-00-00 00:00:00', '0000-00-00 00:00:00'),
(29, 6, 'Mr. Elouise Jacobi Sr.', '0000-00-00 00:00:00', '0000-00-00 00:00:00'),
(30, 5, 'Paige Doyle', '0000-00-00 00:00:00', '0000-00-00 00:00:00'),
(31, 6, 'Vergie Casper', '0000-00-00 00:00:00', '0000-00-00 00:00:00'),
(32, 7, 'Zakary Corwin II', '0000-00-00 00:00:00', '0000-00-00 00:00:00'),
(33, 3, 'Dr. Colin Ratke', '0000-00-00 00:00:00', '0000-00-00 00:00:00'),
(34, 3, 'Fanny Stiedemann', '0000-00-00 00:00:00', '0000-00-00 00:00:00'),
(35, 7, 'Hettie Olson', '0000-00-00 00:00:00', '0000-00-00 00:00:00'),
(36, 3, 'Christelle Altenwerth', '0000-00-00 00:00:00', '0000-00-00 00:00:00'),
(37, 1, 'Tabitha Welch I', '0000-00-00 00:00:00', '0000-00-00 00:00:00'),
(38, 6, 'Dr. Christy Jakubowski', '0000-00-00 00:00:00', '0000-00-00 00:00:00'),
(39, 5, 'Abigayle Crooks', '0000-00-00 00:00:00', '0000-00-00 00:00:00'),
(40, 4, 'Dianna Kling', '0000-00-00 00:00:00', '0000-00-00 00:00:00'),
(41, 6, 'Molly Luettgen', '0000-00-00 00:00:00', '0000-00-00 00:00:00'),
(42, 2, 'Mr. Zoe Feest', '0000-00-00 00:00:00', '0000-00-00 00:00:00'),
(43, 5, 'Maximus Wintheiser Jr.', '0000-00-00 00:00:00', '0000-00-00 00:00:00'),
(44, 9, 'Maximillian Altenwerth DVM', '0000-00-00 00:00:00', '0000-00-00 00:00:00'),
(45, 3, 'Morton Breitenberg', '0000-00-00 00:00:00', '0000-00-00 00:00:00'),
(46, 5, 'Modesto Graham', '0000-00-00 00:00:00', '0000-00-00 00:00:00'),
(47, 8, 'Nona Schoen I', '0000-00-00 00:00:00', '0000-00-00 00:00:00'),
(48, 3, 'Mr. Jaunita Lubowitz', '0000-00-00 00:00:00', '0000-00-00 00:00:00'),
(49, 4, 'Mrs. Julien Cremin III', '0000-00-00 00:00:00', '0000-00-00 00:00:00'),
(50, 4, 'Dessie Mann DVM', '0000-00-00 00:00:00', '0000-00-00 00:00:00');

-- --------------------------------------------------------

--
-- Table structure for table `user`
--

CREATE TABLE IF NOT EXISTS `user` (
  `user_id` int(10) unsigned NOT NULL AUTO_INCREMENT,
  `user_first_name` varchar(50) COLLATE utf8_unicode_ci NOT NULL,
  `user_last_name` varchar(50) COLLATE utf8_unicode_ci DEFAULT NULL,
  `user_email` varchar(50) COLLATE utf8_unicode_ci NOT NULL,
  `user_contact_no` varchar(15) COLLATE utf8_unicode_ci NOT NULL,
  `user_password` varchar(70) COLLATE utf8_unicode_ci NOT NULL,
  `user_location` int(11) NOT NULL,
  `user_fb_id` varchar(50) COLLATE utf8_unicode_ci DEFAULT NULL,
  `user_birthdate` date DEFAULT NULL,
  `user_gender` varchar(6) COLLATE utf8_unicode_ci DEFAULT NULL,
  `user_remember_token` varchar(70) COLLATE utf8_unicode_ci DEFAULT NULL,
  `user_facebook_access_token` varchar(70) COLLATE utf8_unicode_ci DEFAULT NULL,
  `user_confirmation_code` varchar(90) COLLATE utf8_unicode_ci NOT NULL,
  `user_confirmed` int(11) NOT NULL,
  `created_at` timestamp NOT NULL DEFAULT '0000-00-00 00:00:00',
  `updated_at` timestamp NOT NULL DEFAULT '0000-00-00 00:00:00',
  PRIMARY KEY (`user_id`)
) ENGINE=InnoDB  DEFAULT CHARSET=utf8 COLLATE=utf8_unicode_ci AUTO_INCREMENT=41 ;

--
-- Dumping data for table `user`
--

INSERT INTO `user` (`user_id`, `user_first_name`, `user_last_name`, `user_email`, `user_contact_no`, `user_password`, `user_location`, `user_fb_id`, `user_birthdate`, `user_gender`, `user_remember_token`, `user_facebook_access_token`, `user_confirmation_code`, `user_confirmed`, `created_at`, `updated_at`) VALUES
(1, 'Abdul', 'Morar', 'bwilkinson@goodwin.com', '683.827.3192', '$2y$10$cNSzDeKBEs4uBVL/6uoFFuv5RKs.7ECR3v5RZZZEJAM8OVsrWI6JK', 8, '323709236457943', '1974-08-29', 'male', 'rkar', 'xmhp', '98100715637', 1, '0000-00-00 00:00:00', '0000-00-00 00:00:00'),
(2, 'Henri', 'Rohan', 'elijah.turner@gmail.com', '(367)043-6253x9', '$2y$10$QuO.FURn3qjYeHVEMs6tveCnOgmA2y5Hbc/b.YKT8PpIpVoYvuKQS', 6, '142147236969321', '1997-06-15', 'male', 'iald', 'plsw', '33458179277', 1, '0000-00-00 00:00:00', '0000-00-00 00:00:00'),
(3, 'Rafael', 'Grady', 'beier.marcelino@kreiger.com', '(402)319-3244', '$2y$10$b4Trr1NcSrOGZ2iScI7TZeIy1WJYaqRPqoyZR0l80oOHoUNo8AqIG', 9, '426410848740488', '1986-10-31', 'male', 'ojae', 'mwkp', '6606432158', 1, '0000-00-00 00:00:00', '0000-00-00 00:00:00'),
(4, 'Elwin', 'Kertzmann', 'beaulah44@gmail.com', '457.204.4882x52', '$2y$10$sQ/sbgBDvxl2f7sbZ985SeSwMf1A3GMgcwdstOK6n7rnYxnOmacFG', 8, '367996805347502', '2004-07-17', 'male', 'grrj', 'ziyf', '3994166678', 1, '0000-00-00 00:00:00', '0000-00-00 00:00:00'),
(5, 'Luciano', 'Tremblay', 'ud''amore@harris.com', '678.900.9213x06', '$2y$10$gz3nv3kN5hQSNjEtToGDheGv.iw/704We20f2o3Q8yaJjEMBqhmAe', 1, '490910418331623', '2000-08-20', 'male', 'rcwe', 'gekb', '51264535448', 1, '0000-00-00 00:00:00', '0000-00-00 00:00:00'),
(6, 'Stefan', 'Corwin', 'o''hara.yazmin@yahoo.com', '(754)472-0705', '$2y$10$eQb4PS8boSEFSto8lEXtxe6jrBO6iUrGFdbpqw7lztciJwtZ.o3VS', 7, '438021629117429', '1973-10-29', 'male', 'quoj', 'qkqj', '97838384435', 1, '0000-00-00 00:00:00', '0000-00-00 00:00:00'),
(7, 'Nicholas', 'Fisher', 'chanelle74@yahoo.com', '143.577.4389x09', '$2y$10$W9q//B0eI8Qau9oirSJgZeEJ76GIQsDGzjjrmb72wqcTecjdT6Dg6', 5, '501231756992638', '2006-03-14', 'male', 'ujsy', 'nfiq', '67663541496', 1, '0000-00-00 00:00:00', '0000-00-00 00:00:00'),
(8, 'Annalise', 'Connelly', 'anitzsche@gmail.com', '03946903545', '$2y$10$HTtCEgc0IRYkNFXzW2M21u1XaTfjp/aFhzg/QeaA5VJRzI5TLDF4O', 3, '373148296494036', '1995-01-21', 'male', 'xsgs', 'bchl', '24153678912', 1, '0000-00-00 00:00:00', '0000-00-00 00:00:00'),
(9, 'Kenny', 'Weissnat', 'zturner@yahoo.com', '850.108.5157', '$2y$10$uTm5EKSy8dD6YLPLMU7Mbeslai45NyJTxYG2XAXOizWIEQ78AEkBu', 5, '753573112189769', '1998-03-28', 'male', 'rvfz', 'ssri', '32724104800', 1, '0000-00-00 00:00:00', '0000-00-00 00:00:00'),
(10, 'Estell', 'Erdman', 'jacobi.kristy@wiegand.biz', '563-675-8616', '$2y$10$Vr0cYcd2LvwG3zG4Mb9GyuZWPGCwKjZfLDbsF9JCHQbVB5RuCTL7.', 1, '94584573060274', '2007-07-26', 'male', 'zirb', 'zrjt', '81941710414', 1, '0000-00-00 00:00:00', '0000-00-00 00:00:00'),
(11, 'Quincy', 'Hamill', 'deontae.gottlieb@labadie.org', '(315)607-2393x8', '$2y$10$8UO7c2/UoIkSbCNSXYVaSuB224SUQM4Heo2AJp7Q0Hqb8QdiHQ4T6', 9, '384434361010789', '2009-08-05', 'male', 'uzes', 'bbgf', '27349812754', 1, '0000-00-00 00:00:00', '0000-00-00 00:00:00'),
(12, 'Misty', 'Cole', 'judy64@yahoo.com', '(134)736-6356', '$2y$10$gS/TQOktJNpO7ncH3g5HVeykEixtqmBCXXB8QYv9Og/mhMSg77d.C', 1, '763910972978919', '1981-03-06', 'male', 'rwmw', 'etcn', '8362781030', 1, '0000-00-00 00:00:00', '0000-00-00 00:00:00'),
(13, 'Rodrick', 'Jewess', 'cpagac@yahoo.com', '581-952-0591', '$2y$10$ZaS.j45eZl2IZBA.UEtpSe4yQP9v9egJnXUSB681mpc7qBm1krrKK', 3, '321998795494437', '2002-10-30', 'male', 'ryes', 'muof', '63968439856', 1, '0000-00-00 00:00:00', '0000-00-00 00:00:00'),
(14, 'Taryn', 'Weissnat', 'rmraz@yahoo.com', '1-743-115-6090', '$2y$10$Tg0cW/A3.fMYPfLxAra3wuX8.dimhLBh1inJnlX7zOBzpC4UPNjA.', 9, '910961093846708', '1976-06-14', 'male', 'pkbf', 'layk', '69580832614', 1, '0000-00-00 00:00:00', '0000-00-00 00:00:00'),
(15, 'Tatyana', 'VonRueden', 'zelma63@hotmail.com', '1-268-429-6410', '$2y$10$Gc5j7X4U3HTZ/OEM3jrJD.uUhUNmlSQiPk4a6/6UjS2YvlB.ZvEMi', 4, '856061467435211', '1985-12-11', 'male', 'gfmm', 'byzm', '1901831833', 1, '0000-00-00 00:00:00', '0000-00-00 00:00:00'),
(16, 'Kristoffer', 'Abbott', 'stephania66@dicki.net', '1-464-259-6066', '$2y$10$sPE08DdKV7c.H0.gKAduk.GVA0siUMZDqZX98FtLo2X.6WICuh04u', 7, '839269357733428', '1979-03-11', 'male', 'relz', 'ctoj', '31999330557', 1, '0000-00-00 00:00:00', '0000-00-00 00:00:00'),
(17, 'Thelma', 'Mosciski', 'wbraun@nader.org', '966-901-2044', '$2y$10$IKlWrJWGmfeN0KDMSPQNB.Z5g14bzPq26tXIOfKrjPGtl7DFpbbPC', 1, '197970209177583', '2003-02-07', 'male', 'inqe', 'wifi', '44508107747', 1, '0000-00-00 00:00:00', '0000-00-00 00:00:00'),
(18, 'Riley', 'Effertz', 'josie96@sauer.com', '833.529.5676', '$2y$10$aa42DXPal5JL7B9YbTYNZeNqbSlL.yre1XeOxiGIAs3i5F.NHGjJG', 5, '159612569492310', '1998-12-10', 'male', 'fmzn', 'dzov', '80737655917', 1, '0000-00-00 00:00:00', '0000-00-00 00:00:00'),
(19, 'Beulah', 'Wiza', 'cmorissette@cole.com', '(040)481-8874x8', '$2y$10$Ya3zRAn5mMKFm5bgDWa6uObilWmBmvjiZ43nVNtvd5nf4u5xqIJTO', 3, '435443273279815', '1998-11-11', 'male', 'sgvv', 'btcv', '57172582588', 1, '0000-00-00 00:00:00', '0000-00-00 00:00:00'),
(20, 'Maynard', 'Jaskolski', 'cletus22@stanton.net', '302.377.6426x55', '$2y$10$JuvRpqab6VYhX.KUMjYJFeYyD24zs7N4xmiW/5CVklB3wgHyAkMdu', 5, '848615840077400', '1989-01-27', 'male', 'tsfc', 'yaey', '52434592447', 1, '0000-00-00 00:00:00', '0000-00-00 00:00:00'),
(21, 'Yvonne', 'Effertz', 'gbode@rippin.com', '1-599-972-2773x', '$2y$10$QyqxViwLPSVyW2mxIn/M4OmoSqSxRf3W1I3tQ.112SX4.jCRl8kP.', 7, '795779176522046', '2014-07-29', 'male', 'pgzb', 'jftj', '93946746129', 1, '0000-00-00 00:00:00', '0000-00-00 00:00:00'),
(22, 'Alex', 'Gibson', 'leannon.lennie@gmail.com', '(234)879-2605x0', '$2y$10$PYaRTNqpb3G0.VLtvUqpHuVp5l10UZyx5ghSDC/FIpqA0miRmJMyS', 3, '896286320872604', '1977-05-13', 'male', 'rltc', 'luil', '18667187600', 1, '0000-00-00 00:00:00', '0000-00-00 00:00:00'),
(23, 'Stefan', 'Durgan', 'bridgette.walker@yahoo.com', '1-366-017-7826x', '$2y$10$eD946eeLqH0ZiAQbfoaXH.1N.I7PHg00Sa7KxPW08kmS0uhP56oxa', 5, '376511667855083', '2011-07-30', 'male', 'fmlk', 'siim', '62668530408', 1, '0000-00-00 00:00:00', '0000-00-00 00:00:00'),
(24, 'Princess', 'Volkman', 'alfredo55@wilkinson.com', '682.683.8962', '$2y$10$o5FsOUJ1gTdMGCct1YFVwuuVKFP5fwA24s1XI8zWKwj09VGh3RYae', 7, '936998583842068', '2003-06-20', 'male', 'csep', 'yzut', '34053192712', 1, '0000-00-00 00:00:00', '0000-00-00 00:00:00'),
(25, 'Trace', 'Fritsch', 'farrell.garnett@feest.net', '(191)164-4498x1', '$2y$10$l7hy9qkmjpBE8r1CVjQW1e0xDNBoLTz/7O5mWw/Z3pqDtg4wbFsM.', 7, '632729098666459', '1989-01-25', 'male', 'btva', 'udqj', '87333017040', 1, '0000-00-00 00:00:00', '0000-00-00 00:00:00'),
(26, 'Gina', 'Herman', 'sam15@lueilwitz.com', '160-690-6798x54', '$2y$10$VVbMzG/XCbZQMLrGswdivu78cvjyqQN5GLFPJ3HpbjKp0kGbrxJGS', 2, '7047898601740', '2000-04-29', 'male', 'iyhj', 'zawy', '60831314209', 1, '0000-00-00 00:00:00', '0000-00-00 00:00:00'),
(27, 'Alayna', 'Kovacek', 'misty.cormier@gmail.com', '+13(8)885004549', '$2y$10$kuXCWVlNXygoDaa2lqJ5MuLtcXvO7aG2VRYHHtgnaWsDLxlXGnNgO', 6, '388760644942522', '1977-01-08', 'male', 'gsgv', 'xksn', '50443682458', 1, '0000-00-00 00:00:00', '0000-00-00 00:00:00'),
(28, 'Rhianna', 'Jacobs', 'lia61@gmail.com', '417-960-9607', '$2y$10$gvQdRIEVGk7hcumqTmZv7eCeBbW8mVCZOnWFH9i1nVdYb50HlD4yi', 6, '785390330012887', '1989-06-17', 'male', 'izfq', 'lhnf', '4692561147', 1, '0000-00-00 00:00:00', '0000-00-00 00:00:00'),
(29, 'Elizabeth', 'Kihn', 'eliane.borer@gmail.com', '934.350.6064x07', '$2y$10$SL/fiHuBxnYAIVRhOKmcyeMbIFowLzzP8rjhG04l8iCOKnEfzoUPm', 1, '552164206746965', '1988-10-24', 'male', 'ihpj', 'osnx', '485934070', 1, '0000-00-00 00:00:00', '0000-00-00 00:00:00'),
(30, 'Kaylie', 'Deckow', 'mante.may@hoppewunsch.com', '1-358-556-9458x', '$2y$10$dEzXZcb/yfG24EVeDtYWzOAgUu8aYdluoBD77AImTZxZ7agzgWPCS', 5, '293585634324699', '2007-05-03', 'male', 'wxug', 'hpjc', '35514161846', 1, '0000-00-00 00:00:00', '0000-00-00 00:00:00'),
(31, 'Abelardo', 'Predovic', 'yost.arnold@gmail.com', '04951007650', '$2y$10$/DOnbYL3uZpxJt/fxTudae183H1yBMxENEbShhcP4EHuQhRto90z2', 3, '176326368469744', '1986-09-03', 'male', 'body', 'fttp', '78512473612', 1, '0000-00-00 00:00:00', '0000-00-00 00:00:00'),
(32, 'Cloyd', 'Harris', 'von.shyanne@gmail.com', '1-183-884-0883x', '$2y$10$TXE/00ArB/OUWOOtqJZ5nee5OoijfH2.Qvy5c/5BN2ELbzmJqZvi2', 8, '902316402643919', '2012-11-03', 'male', 'zkgz', 'hbbd', '56985509274', 1, '0000-00-00 00:00:00', '0000-00-00 00:00:00'),
(33, 'Lilian', 'Greenholt', 'libby24@hotmail.com', '(659)834-3800x1', '$2y$10$1hBhX27Uf3AY2DSDZzKXkuhrNoUxYS5gc4wxpel7dkgWYlZA4Fg7G', 5, '182527988217771', '1976-08-24', 'male', 'mrlv', 'hdht', '88786365937', 1, '0000-00-00 00:00:00', '0000-00-00 00:00:00'),
(34, 'Trinity', 'Bradtke', 'gmedhurst@hoppeabernathy.com', '(314)663-9785x2', '$2y$10$nUDr/0MxC/dns9ldkDJAbOQ4D3m.vP/IZAYDNJi8Dy.ey5thhLFhO', 7, '748338661622256', '1972-05-09', 'male', 'qcaf', 'vciq', '13072940736', 1, '0000-00-00 00:00:00', '0000-00-00 00:00:00'),
(35, 'Giovani', 'Parker', 'tamia.emmerich@gibson.net', '05126075157', '$2y$10$zrvjram00Oa7ddGfFpM2O.SYIfakwlbB8f1rdBpghbBpGg2jEUH9i', 9, '107549925334751', '1998-04-08', 'male', 'tuev', 'vehg', '97403018908', 1, '0000-00-00 00:00:00', '0000-00-00 00:00:00'),
(36, 'Grover', 'Windler', 'wintheiser.cade@hotmail.com', '+53(7)250793861', '$2y$10$mHFcVJqBgYTH5nJDXkyPSOkQZ3cNVUNrFgEQUfA1/Npi3Bz4VhgEC', 2, '896548224147409', '1996-11-20', 'male', 'fydy', 'ibjo', '40371628628', 1, '0000-00-00 00:00:00', '0000-00-00 00:00:00'),
(37, 'Camille', 'Hilpert', 'deckow.anahi@gleason.com', '(462)664-2296x8', '$2y$10$4vd1pw6Rj5esobZZJadYcOkUbwirvhBcOeEiw3LWw6OMvuOwdjsRW', 2, '857772073708474', '1975-04-19', 'male', 'dewt', 'wlxi', '31071019151', 1, '0000-00-00 00:00:00', '0000-00-00 00:00:00'),
(38, 'Gretchen', 'Orn', 'hilario.frami@hotmail.com', '1-135-096-0077x', '$2y$10$eZvJnEN65lxiroZeTje4A.5HbMZ5ebT2bNjs2GHB9mXrfw/epOnPa', 7, '798076465260237', '1980-07-16', 'male', 'fcgg', 'qhvz', '23224359127', 1, '0000-00-00 00:00:00', '0000-00-00 00:00:00'),
(39, 'Buddy', 'Mosciski', 'gudrun18@hotmail.com', '291.757.0279x59', '$2y$10$sXwLOAXoP91c4vG.YZLQR.MJXfvUGXBCeRw9gw2z5Z6Fk6WbJsGOW', 5, '470344758126884', '1985-09-10', 'male', 'gisg', 'stus', '78232773278', 1, '0000-00-00 00:00:00', '0000-00-00 00:00:00'),
(40, 'Devante', 'Sporer', 'helena60@yahoo.com', '602.759.0938x82', '$2y$10$uwWcBXwsz5XlqE3w3xavhO8aglOB65p.vE6yxz8arX9PqCkh1pGkC', 3, '808381263632327', '1984-03-10', 'male', 'zugd', 'nosf', '34163512355', 1, '0000-00-00 00:00:00', '0000-00-00 00:00:00');

-- --------------------------------------------------------

--
-- Table structure for table `venue`
--

CREATE TABLE IF NOT EXISTS `venue` (
  `venue_id` int(10) unsigned NOT NULL AUTO_INCREMENT,
  `venue` varchar(50) COLLATE utf8_unicode_ci NOT NULL,
  `venue_location` int(11) NOT NULL,
  `venue_locality` varchar(50) COLLATE utf8_unicode_ci DEFAULT NULL,
  `venue_address` varchar(255) COLLATE utf8_unicode_ci NOT NULL,
  `venue_landmark` varchar(50) COLLATE utf8_unicode_ci DEFAULT NULL,
  `venue_pincode` varchar(10) COLLATE utf8_unicode_ci NOT NULL,
  `venue_contact_no` varchar(10) COLLATE utf8_unicode_ci NOT NULL,
  `venue_institute_id` int(11) NOT NULL,
  `venue_latitude` varchar(50) COLLATE utf8_unicode_ci DEFAULT NULL,
  `venue_longitude` varchar(50) COLLATE utf8_unicode_ci DEFAULT NULL,
  `created_at` timestamp NOT NULL DEFAULT '0000-00-00 00:00:00',
  `updated_at` timestamp NOT NULL DEFAULT '0000-00-00 00:00:00',
  PRIMARY KEY (`venue_id`)
) ENGINE=InnoDB  DEFAULT CHARSET=utf8 COLLATE=utf8_unicode_ci AUTO_INCREMENT=21 ;

--
-- Dumping data for table `venue`
--

INSERT INTO `venue` (`venue_id`, `venue`, `venue_location`, `venue_locality`, `venue_address`, `venue_landmark`, `venue_pincode`, `venue_contact_no`, `venue_institute_id`, `venue_latitude`, `venue_longitude`, `created_at`, `updated_at`) VALUES
(1, 'Maximus Hilll', 1, 'Jeramie Landing', 'Flat 99f\nPagac Brooks\nFaheyland\nG1U 0KA', NULL, 'LP53 1ZU', '1-424-405-', 1, '-56.047850', '16.190711', '0000-00-00 00:00:00', '0000-00-00 00:00:00'),
(2, 'Mrs. Kacie Reinger', 8, 'Hodkiewicz Inlet', 'Studio 58\nAnahi Lodge\nWinifredville\nVU0J 4NS', NULL, 'E56 4XT', '692-361-59', 5, '25.058277', '-153.949797', '0000-00-00 00:00:00', '0000-00-00 00:00:00'),
(3, 'Fern Gorczany', 5, 'Louvenia Cove', '3 Dalton Inlet\nBoyleland\nOZ9 4HX', NULL, 'CC11 8DF', '0057993508', 5, '47.009492', '177.071068', '0000-00-00 00:00:00', '0000-00-00 00:00:00'),
(4, 'Angus Morar', 7, 'Paucek Coves', 'Flat 72u\nKulas Mills\nDomenichaven\nF90 7ID', NULL, 'SX3 8KZ', '239.008.38', 8, '46.047501', '-80.206630', '0000-00-00 00:00:00', '0000-00-00 00:00:00'),
(5, 'Miss Laron Turner DVM', 1, 'Charles Stream', 'Studio 63\nBeahan Haven\nBaumbachchester\nP27 0JY', NULL, 'ZQ9W 6CM', '1-606-735-', 9, '51.927546', '148.884123', '0000-00-00 00:00:00', '0000-00-00 00:00:00'),
(6, 'Mrs. Ryley Schroeder', 8, 'Amparo Groves', 'Studio 97\nCruickshank Fork\nEast Zionbury\nE53 1QH', NULL, 'Z7 0SC', '908.137.28', 5, '62.459493', '-156.780730', '0000-00-00 00:00:00', '0000-00-00 00:00:00'),
(7, 'Marley Denesik', 3, 'Merritt Roads', '5 Murray Trace\nWest Mylesfort\nZL29 4OL', NULL, 'X7 4MO', '979.276.47', 3, '-9.724088', '34.938428', '0000-00-00 00:00:00', '0000-00-00 00:00:00'),
(8, 'Miss Sabina Cormier Sr.', 4, 'Kelvin Plaza', '7 Feil Fort\nWest Angela\nAH58 0NL', NULL, 'O69 0CA', '(674)120-0', 1, '35.504749', '178.493699', '0000-00-00 00:00:00', '0000-00-00 00:00:00'),
(9, 'Rebekah Russel', 8, 'Jacobi Parkway', 'Studio 87s\nKeebler Meadows\nNienowtown\nNW8 4KL', NULL, 'J2 5ZI', '1-197-652-', 4, '67.089481', '112.847929', '0000-00-00 00:00:00', '0000-00-00 00:00:00'),
(10, 'Caterina Quigley', 9, 'Schuppe Lodge', '6 Madalyn Burg\nSouth Gladysmouth\nYT6T 8JY', NULL, 'D6 6NK', '1-040-871-', 7, '9.520856', '-169.405378', '0000-00-00 00:00:00', '0000-00-00 00:00:00'),
(11, 'Mr. Jayden Flatley I', 5, 'Daugherty Curve', '622 Jaron Parkway\nShaniechester\nIA2Y 7FQ', NULL, 'JV57 2PV', '1-692-795-', 8, '-42.326187', '-62.742808', '0000-00-00 00:00:00', '0000-00-00 00:00:00'),
(12, 'Calista Bashirian Jr.', 9, 'Swift Extension', '279 Tobin Hollow\nEast Cleveland\nRM55 6KQ', NULL, 'KN08 1XL', '767.649.35', 1, '-39.200520', '43.496983', '0000-00-00 00:00:00', '0000-00-00 00:00:00'),
(13, 'Evan Cormier', 4, 'Bobby Ridge', '322 Kessler Canyon\nVerniceburgh\nEQ1 4UZ', NULL, 'Z0 5XY', '1-936-620-', 6, '28.607507', '72.024088', '0000-00-00 00:00:00', '0000-00-00 00:00:00'),
(14, 'Miss Ambrose Schiller Sr.', 1, 'Kshlerin Crossing', '20 Krajcik Ramp\nPort Katelynstad\nL1 5QQ', NULL, 'C1O 6QW', '1-140-011-', 4, '51.719195', '-179.702518', '0000-00-00 00:00:00', '0000-00-00 00:00:00'),
(15, 'Lea Toy', 4, 'Leonie Forge', '419 Torp Terrace\nNorth Kittyview\nMW6 4FA', NULL, 'TR3M 2QO', '108-799-77', 5, '56.809762', '10.013456', '0000-00-00 00:00:00', '0000-00-00 00:00:00'),
(16, 'Lincoln Berge', 4, 'O''Kon Gardens', '61 Brycen Walks\nSouth Linwood\nL5 1ZZ', NULL, 'VG8 1AE', '+90(6)4678', 6, '17.252658', '-1.800325', '0000-00-00 00:00:00', '0000-00-00 00:00:00'),
(17, 'Ms. Shea Botsford', 3, 'Herminio Rapid', '5 Lindsay Station\nNorth Mandy\nCH7 5SY', NULL, 'EN8I 2VS', '912-167-86', 3, '-42.699190', '170.679697', '0000-00-00 00:00:00', '0000-00-00 00:00:00'),
(18, 'Darrick Abbott', 1, 'Sporer Flats', 'Studio 43\nFahey Plains\nEast Elaina\nLD15 0YP', NULL, 'NT62 0BV', '792.334.24', 1, '34.334713', '18.972182', '0000-00-00 00:00:00', '0000-00-00 00:00:00'),
(19, 'Ms. River Beahan Jr.', 2, 'Zemlak Cape', '805 Kertzmann Port\nMitchellville\nKJ6O 8EP', NULL, 'KO50 7QR', '1-847-503-', 5, '42.536932', '99.527640', '0000-00-00 00:00:00', '0000-00-00 00:00:00'),
(20, 'Tessie Hilpert', 3, 'Marvin Common', '60 Nellie Roads\nBruenstad\nYO5K 4JL', NULL, 'Q62 4WN', '241.293.67', 4, '-54.735066', '80.670594', '0000-00-00 00:00:00', '0000-00-00 00:00:00');

/*!40101 SET CHARACTER_SET_CLIENT=@OLD_CHARACTER_SET_CLIENT */;
/*!40101 SET CHARACTER_SET_RESULTS=@OLD_CHARACTER_SET_RESULTS */;
/*!40101 SET COLLATION_CONNECTION=@OLD_COLLATION_CONNECTION */;
