-- phpMyAdmin SQL Dump
-- version 4.0.10deb1
-- http://www.phpmyadmin.net
--
-- Host: localhost:80
-- Generation Time: Dec 19, 2014 at 08:12 PM
-- Server version: 5.5.40-0ubuntu0.14.04.1
-- PHP Version: 5.5.9-1ubuntu4.5

SET SQL_MODE = "NO_AUTO_VALUE_ON_ZERO";
SET time_zone = "+00:00";


/*!40101 SET @OLD_CHARACTER_SET_CLIENT=@@CHARACTER_SET_CLIENT */;
/*!40101 SET @OLD_CHARACTER_SET_RESULTS=@@CHARACTER_SET_RESULTS */;
/*!40101 SET @OLD_COLLATION_CONNECTION=@@COLLATION_CONNECTION */;
/*!40101 SET NAMES utf8 */;

--
-- Database: `hobby`
--

-- --------------------------------------------------------

--
-- Table structure for table `Batches`
--

CREATE TABLE IF NOT EXISTS `Batches` (
  `batch_id` int(10) unsigned NOT NULL AUTO_INCREMENT,
  `batch` varchar(50) COLLATE utf8_unicode_ci NOT NULL,
  `batch_category_id` int(11) NOT NULL,
  `batch_subcategory_id` int(11) NOT NULL,
  `batch_accomplishment` longtext COLLATE utf8_unicode_ci,
  `batch_institute_id` int(11) NOT NULL,
  `batch_start_date` date NOT NULL,
  `batch_end_date` date NOT NULL,
  `batch_start_time` time NOT NULL,
  `batch_end_time` time NOT NULL,
  `batch_venue_id` int(11) NOT NULL,
  `batch_difficulty_level` int(11) NOT NULL,
  `batch_age_group` int(11) NOT NULL,
  `batch_gender_group` int(11) NOT NULL,
  `batch_price` int(11) NOT NULL,
  `batch_recurring` tinyint(1) NOT NULL,
  `batch_approved` tinyint(1) NOT NULL,
  `batch_no_of_classes_in_week` int(11) NOT NULL,
  `batch_class_on_monday` tinyint(1) NOT NULL,
  `batch_class_on_tuesday` tinyint(1) NOT NULL,
  `batch_class_on_wednesday` tinyint(1) NOT NULL,
  `batch_class_on_thursday` tinyint(1) NOT NULL,
  `batch_class_on_friday` tinyint(1) NOT NULL,
  `batch_class_on_saturday` tinyint(1) NOT NULL,
  `batch_class_on_sunday` tinyint(1) NOT NULL,
  `batch_trial` int(11) NOT NULL,
  `batch_comment` varchar(255) COLLATE utf8_unicode_ci DEFAULT NULL,
  `batch_tagline` varchar(40) COLLATE utf8_unicode_ci DEFAULT NULL,
  `created_at` timestamp NOT NULL DEFAULT '0000-00-00 00:00:00',
  `updated_at` timestamp NOT NULL DEFAULT '0000-00-00 00:00:00',
  PRIMARY KEY (`batch_id`)
) ENGINE=InnoDB  DEFAULT CHARSET=utf8 COLLATE=utf8_unicode_ci AUTO_INCREMENT=21 ;

--
-- Dumping data for table `Batches`
--

INSERT INTO `Batches` (`batch_id`, `batch`, `batch_category_id`, `batch_subcategory_id`, `batch_accomplishment`, `batch_institute_id`, `batch_start_date`, `batch_end_date`, `batch_start_time`, `batch_end_time`, `batch_venue_id`, `batch_difficulty_level`, `batch_age_group`, `batch_gender_group`, `batch_price`, `batch_recurring`, `batch_approved`, `batch_no_of_classes_in_week`, `batch_class_on_monday`, `batch_class_on_tuesday`, `batch_class_on_wednesday`, `batch_class_on_thursday`, `batch_class_on_friday`, `batch_class_on_saturday`, `batch_class_on_sunday`, `batch_trial`, `batch_comment`, `batch_tagline`, `created_at`, `updated_at`) VALUES
(1, 'Bernardo Roberts', 9, 12, '<p>Velit aut cupiditate neque aut.<p>', 3, '1994-02-11', '2006-05-11', '14:37:29', '05:15:15', 2, 4, 1, 1, 1348, 0, 1, 5, 1, 0, 0, 0, 1, 1, 0, 4, 'ybhy', 'sfka', '0000-00-00 00:00:00', '0000-00-00 00:00:00'),
(2, 'Korbin Gleason', 6, 5, '<p>Quia dolor dolorem voluptatem recusandae voluptatum itaque corrupti. Expedita consectetur ullam eum eos labore officia.<p>', 7, '1996-07-23', '2000-05-07', '04:33:49', '03:40:36', 7, 3, 0, 0, 2501, 0, 0, 1, 0, 1, 1, 0, 0, 0, 0, 4, 'gygg', 'ueda', '0000-00-00 00:00:00', '0000-00-00 00:00:00'),
(3, 'Alexander Homenick', 9, 11, '<p>Voluptatibus dicta temporibus sunt tempore.<p>', 13, '1992-07-02', '1982-12-17', '12:22:32', '21:13:40', 3, 2, 2, 0, 1532, 0, 1, 6, 1, 0, 1, 1, 1, 1, 1, 3, 'mcpy', 'vuzf', '0000-00-00 00:00:00', '0000-00-00 00:00:00'),
(4, 'Lenore Jaskolski', 6, 18, '<p>Sed perspiciatis iusto qui praesentium. Sit nulla accusamus necessitatibus.<p>', 13, '1978-11-02', '1999-08-02', '03:56:52', '19:04:19', 3, 2, 0, 2, 4678, 1, 0, 7, 1, 0, 1, 1, 0, 0, 1, 0, 'lnld', 'twsl', '0000-00-00 00:00:00', '0000-00-00 00:00:00'),
(5, 'Rhianna Rolfson', 9, 13, '<p>Et eum nobis tempore quod totam fuga mollitia. Delectus accusantium porro corrupti eius placeat nesciunt accusantium.<p>', 19, '1985-07-02', '1987-07-11', '15:08:44', '19:50:28', 19, 3, 0, 0, 4153, 1, 0, 4, 0, 0, 1, 1, 0, 1, 0, 2, 'icss', 'zurl', '0000-00-00 00:00:00', '0000-00-00 00:00:00'),
(6, 'Eva Bogisich', 3, 4, '<p>Impedit officiis minus rerum eius.<p>', 15, '1996-06-15', '1971-01-15', '00:29:41', '08:37:22', 5, 4, 2, 2, 3726, 0, 0, 5, 0, 0, 0, 0, 0, 1, 1, 1, 'ezdv', 'pwos', '0000-00-00 00:00:00', '0000-00-00 00:00:00'),
(7, 'Ms. Tod Bernhard IV', 8, 4, '<p>Aut sed pariatur ut eos dicta est.<p>', 4, '1988-02-13', '1982-01-05', '15:30:48', '01:18:40', 12, 2, 2, 2, 2348, 1, 1, 4, 0, 0, 1, 0, 0, 1, 0, 2, 'folw', 'rjrr', '0000-00-00 00:00:00', '0000-00-00 00:00:00'),
(8, 'Kole Reichel', 9, 18, '<p>Nihil harum delectus temporibus veniam. Maiores qui voluptas delectus quis.<p>', 10, '2009-01-01', '1981-12-08', '23:59:46', '21:11:01', 20, 4, 1, 1, 1804, 1, 0, 7, 0, 0, 0, 0, 0, 1, 1, 2, 'ynml', 'bvxr', '0000-00-00 00:00:00', '0000-00-00 00:00:00'),
(9, 'Ben Haley PhD', 8, 7, '<p>In veniam omnis nesciunt velit.<p>', 9, '1986-01-27', '2006-07-15', '10:14:22', '04:24:23', 10, 4, 2, 0, 2080, 0, 1, 2, 0, 0, 0, 0, 1, 1, 1, 3, 'tbka', 'kzgu', '0000-00-00 00:00:00', '0000-00-00 00:00:00'),
(10, 'Montana Hoeger', 2, 4, '<p>Est ipsa similique et cumque ex totam non. Et exercitationem repudiandae possimus quod quis deserunt fugiat.<p>', 18, '1976-04-26', '2007-11-21', '21:39:08', '04:07:13', 3, 2, 0, 1, 3764, 1, 0, 7, 0, 0, 0, 1, 1, 1, 1, 2, 'uysu', 'fuiy', '0000-00-00 00:00:00', '0000-00-00 00:00:00'),
(11, 'Dr. Loy Stehr III', 8, 8, '<p>Ipsum nulla sint mollitia ut. Dignissimos culpa harum aut consequuntur.<p>', 2, '1982-01-07', '1989-09-29', '09:18:53', '10:37:02', 12, 4, 1, 0, 2963, 1, 0, 3, 0, 1, 0, 0, 0, 0, 1, 3, 'zinc', 'bafj', '0000-00-00 00:00:00', '0000-00-00 00:00:00'),
(12, 'Marc Volkman', 9, 3, '<p>Asperiores beatae harum aut est placeat et error.<p>', 1, '1974-06-16', '1971-12-10', '00:45:55', '06:12:22', 4, 1, 2, 2, 3909, 0, 1, 2, 0, 1, 0, 1, 1, 1, 0, 1, 'muwf', 'tatj', '0000-00-00 00:00:00', '0000-00-00 00:00:00'),
(13, 'Isai Jones', 2, 12, '<p>Consectetur molestiae delectus commodi est itaque. Fugiat qui omnis aspernatur culpa sequi.<p>', 15, '2013-04-04', '1979-02-10', '20:57:30', '06:17:14', 1, 3, 2, 2, 2684, 0, 0, 4, 0, 0, 1, 0, 1, 1, 0, 2, 'vcjs', 'eoii', '0000-00-00 00:00:00', '0000-00-00 00:00:00'),
(14, 'Olaf Bergnaum', 3, 18, '<p>Aut quod aut iste consequatur ipsa.<p>', 19, '1970-12-11', '1993-02-21', '13:10:53', '00:51:17', 6, 2, 1, 2, 1891, 0, 0, 1, 0, 0, 0, 1, 0, 0, 0, 1, 'zyme', 'rewj', '0000-00-00 00:00:00', '0000-00-00 00:00:00'),
(15, 'Mrs. Concepcion Harber', 6, 13, '<p>Ipsum magnam eos impedit maiores. Quo possimus nisi et consequuntur corporis.<p>', 2, '1976-10-31', '1971-01-25', '18:37:36', '22:42:01', 18, 2, 2, 0, 4446, 1, 0, 5, 0, 0, 0, 0, 0, 1, 1, 4, 'rlgh', 'zrif', '0000-00-00 00:00:00', '0000-00-00 00:00:00'),
(16, 'Ms. Justice Terry', 6, 7, '<p>Similique maxime consequatur hic.<p>', 12, '2000-09-10', '1990-11-10', '02:56:04', '20:21:57', 8, 2, 0, 1, 3347, 0, 0, 2, 0, 0, 1, 0, 1, 0, 0, 3, 'bfmt', 'iefp', '0000-00-00 00:00:00', '0000-00-00 00:00:00'),
(17, 'Belle Cassin', 2, 13, '<p>Nihil sed ut magnam earum id et voluptatem. Cum vel quidem unde quos omnis accusamus aut.<p>', 9, '1983-05-17', '1981-01-21', '01:57:52', '19:35:59', 9, 2, 1, 0, 4255, 1, 0, 6, 0, 1, 1, 0, 1, 0, 1, 4, 'yxll', 'pytr', '0000-00-00 00:00:00', '0000-00-00 00:00:00'),
(18, 'Lincoln Nicolas', 6, 10, '<p>Neque velit et labore reprehenderit sit. Nihil aperiam eligendi iure ex.<p>', 4, '2010-06-14', '1999-01-02', '03:37:08', '00:59:10', 4, 4, 0, 2, 2927, 0, 0, 1, 0, 0, 0, 0, 1, 1, 1, 2, 'wmqm', 'kdhc', '0000-00-00 00:00:00', '0000-00-00 00:00:00'),
(19, 'Tristian Batz', 3, 5, '<p>Vel cupiditate voluptatibus non dolorum nobis exercitationem.<p>', 7, '1983-02-24', '1997-08-06', '06:29:24', '05:15:20', 1, 3, 2, 1, 4124, 1, 0, 3, 0, 1, 0, 1, 1, 0, 1, 4, 'qsjt', 'seta', '0000-00-00 00:00:00', '0000-00-00 00:00:00'),
(20, 'Marley Lakin', 2, 7, '<p>Enim cumque ut eaque deserunt consequatur blanditiis et.<p>', 17, '1986-08-28', '2006-10-24', '15:13:45', '12:56:22', 9, 1, 0, 2, 3538, 0, 1, 3, 1, 1, 1, 0, 0, 1, 1, 3, 'kbwf', 'xppr', '0000-00-00 00:00:00', '0000-00-00 00:00:00');

-- --------------------------------------------------------

--
-- Table structure for table `Batch_Keyword`
--

CREATE TABLE IF NOT EXISTS `Batch_Keyword` (
  `batch_keyword_id` int(10) unsigned NOT NULL AUTO_INCREMENT,
  `batch_id` int(11) NOT NULL,
  `keyword_id` int(11) NOT NULL,
  `created_at` timestamp NOT NULL DEFAULT '0000-00-00 00:00:00',
  `updated_at` timestamp NOT NULL DEFAULT '0000-00-00 00:00:00',
  PRIMARY KEY (`batch_keyword_id`)
) ENGINE=InnoDB  DEFAULT CHARSET=utf8 COLLATE=utf8_unicode_ci AUTO_INCREMENT=21 ;

--
-- Dumping data for table `Batch_Keyword`
--

INSERT INTO `Batch_Keyword` (`batch_keyword_id`, `batch_id`, `keyword_id`, `created_at`, `updated_at`) VALUES
(1, 15, 19, '0000-00-00 00:00:00', '0000-00-00 00:00:00'),
(2, 11, 11, '0000-00-00 00:00:00', '0000-00-00 00:00:00'),
(3, 9, 6, '0000-00-00 00:00:00', '0000-00-00 00:00:00'),
(4, 14, 6, '0000-00-00 00:00:00', '0000-00-00 00:00:00'),
(5, 6, 17, '0000-00-00 00:00:00', '0000-00-00 00:00:00'),
(6, 4, 16, '0000-00-00 00:00:00', '0000-00-00 00:00:00'),
(7, 19, 10, '0000-00-00 00:00:00', '0000-00-00 00:00:00'),
(8, 10, 18, '0000-00-00 00:00:00', '0000-00-00 00:00:00'),
(9, 5, 8, '0000-00-00 00:00:00', '0000-00-00 00:00:00'),
(10, 17, 16, '0000-00-00 00:00:00', '0000-00-00 00:00:00'),
(11, 4, 2, '0000-00-00 00:00:00', '0000-00-00 00:00:00'),
(12, 10, 18, '0000-00-00 00:00:00', '0000-00-00 00:00:00'),
(13, 15, 13, '0000-00-00 00:00:00', '0000-00-00 00:00:00'),
(14, 4, 6, '0000-00-00 00:00:00', '0000-00-00 00:00:00'),
(15, 4, 7, '0000-00-00 00:00:00', '0000-00-00 00:00:00'),
(16, 19, 17, '0000-00-00 00:00:00', '0000-00-00 00:00:00'),
(17, 12, 10, '0000-00-00 00:00:00', '0000-00-00 00:00:00'),
(18, 4, 2, '0000-00-00 00:00:00', '0000-00-00 00:00:00'),
(19, 14, 6, '0000-00-00 00:00:00', '0000-00-00 00:00:00'),
(20, 8, 12, '0000-00-00 00:00:00', '0000-00-00 00:00:00');

-- --------------------------------------------------------

--
-- Table structure for table `Batch_Photo`
--

CREATE TABLE IF NOT EXISTS `Batch_Photo` (
  `batch_photo_id` int(10) unsigned NOT NULL AUTO_INCREMENT,
  `batch_id` int(11) NOT NULL,
  `photo_id` int(11) NOT NULL,
  `created_at` timestamp NOT NULL DEFAULT '0000-00-00 00:00:00',
  `updated_at` timestamp NOT NULL DEFAULT '0000-00-00 00:00:00',
  PRIMARY KEY (`batch_photo_id`)
) ENGINE=InnoDB  DEFAULT CHARSET=utf8 COLLATE=utf8_unicode_ci AUTO_INCREMENT=31 ;

--
-- Dumping data for table `Batch_Photo`
--

INSERT INTO `Batch_Photo` (`batch_photo_id`, `batch_id`, `photo_id`, `created_at`, `updated_at`) VALUES
(1, 9, 22, '0000-00-00 00:00:00', '0000-00-00 00:00:00'),
(2, 2, 49, '0000-00-00 00:00:00', '0000-00-00 00:00:00'),
(3, 3, 24, '0000-00-00 00:00:00', '0000-00-00 00:00:00'),
(4, 6, 38, '0000-00-00 00:00:00', '0000-00-00 00:00:00'),
(5, 8, 32, '0000-00-00 00:00:00', '0000-00-00 00:00:00'),
(6, 5, 40, '0000-00-00 00:00:00', '0000-00-00 00:00:00'),
(7, 2, 25, '0000-00-00 00:00:00', '0000-00-00 00:00:00'),
(8, 8, 28, '0000-00-00 00:00:00', '0000-00-00 00:00:00'),
(9, 9, 12, '0000-00-00 00:00:00', '0000-00-00 00:00:00'),
(10, 8, 11, '0000-00-00 00:00:00', '0000-00-00 00:00:00'),
(11, 2, 13, '0000-00-00 00:00:00', '0000-00-00 00:00:00'),
(12, 6, 44, '0000-00-00 00:00:00', '0000-00-00 00:00:00'),
(13, 5, 5, '0000-00-00 00:00:00', '0000-00-00 00:00:00'),
(14, 1, 4, '0000-00-00 00:00:00', '0000-00-00 00:00:00'),
(15, 4, 9, '0000-00-00 00:00:00', '0000-00-00 00:00:00'),
(16, 1, 34, '0000-00-00 00:00:00', '0000-00-00 00:00:00'),
(17, 7, 7, '0000-00-00 00:00:00', '0000-00-00 00:00:00'),
(18, 2, 31, '0000-00-00 00:00:00', '0000-00-00 00:00:00'),
(19, 6, 43, '0000-00-00 00:00:00', '0000-00-00 00:00:00'),
(20, 9, 21, '0000-00-00 00:00:00', '0000-00-00 00:00:00'),
(21, 8, 19, '0000-00-00 00:00:00', '0000-00-00 00:00:00'),
(22, 7, 15, '0000-00-00 00:00:00', '0000-00-00 00:00:00'),
(23, 9, 26, '0000-00-00 00:00:00', '0000-00-00 00:00:00'),
(24, 8, 39, '0000-00-00 00:00:00', '0000-00-00 00:00:00'),
(25, 3, 42, '0000-00-00 00:00:00', '0000-00-00 00:00:00'),
(26, 2, 14, '0000-00-00 00:00:00', '0000-00-00 00:00:00'),
(27, 2, 10, '0000-00-00 00:00:00', '0000-00-00 00:00:00'),
(28, 2, 41, '0000-00-00 00:00:00', '0000-00-00 00:00:00'),
(29, 7, 37, '0000-00-00 00:00:00', '0000-00-00 00:00:00'),
(30, 7, 48, '0000-00-00 00:00:00', '0000-00-00 00:00:00');

-- --------------------------------------------------------

--
-- Table structure for table `Categories`
--

CREATE TABLE IF NOT EXISTS `Categories` (
  `category_id` int(10) unsigned NOT NULL AUTO_INCREMENT,
  `category` varchar(50) COLLATE utf8_unicode_ci NOT NULL,
  `created_at` timestamp NOT NULL DEFAULT '0000-00-00 00:00:00',
  `updated_at` timestamp NOT NULL DEFAULT '0000-00-00 00:00:00',
  PRIMARY KEY (`category_id`)
) ENGINE=InnoDB  DEFAULT CHARSET=utf8 COLLATE=utf8_unicode_ci AUTO_INCREMENT=11 ;

--
-- Dumping data for table `Categories`
--

INSERT INTO `Categories` (`category_id`, `category`, `created_at`, `updated_at`) VALUES
(1, 'Art & Craft', '0000-00-00 00:00:00', '0000-00-00 00:00:00'),
(2, 'Cooking', '0000-00-00 00:00:00', '0000-00-00 00:00:00'),
(3, 'Dance', '0000-00-00 00:00:00', '0000-00-00 00:00:00'),
(4, 'Education', '0000-00-00 00:00:00', '0000-00-00 00:00:00'),
(5, 'Fitness', '0000-00-00 00:00:00', '0000-00-00 00:00:00'),
(6, 'Media', '0000-00-00 00:00:00', '0000-00-00 00:00:00'),
(7, 'Music', '0000-00-00 00:00:00', '0000-00-00 00:00:00'),
(8, 'Professional', '0000-00-00 00:00:00', '0000-00-00 00:00:00'),
(9, 'Sports', '0000-00-00 00:00:00', '0000-00-00 00:00:00'),
(10, 'Technology', '0000-00-00 00:00:00', '0000-00-00 00:00:00');

-- --------------------------------------------------------

--
-- Table structure for table `Category_Institute`
--

CREATE TABLE IF NOT EXISTS `Category_Institute` (
  `category_institute_id` int(10) unsigned NOT NULL AUTO_INCREMENT,
  `category_id` int(11) NOT NULL,
  `institute_id` int(11) NOT NULL,
  `created_at` timestamp NOT NULL DEFAULT '0000-00-00 00:00:00',
  `updated_at` timestamp NOT NULL DEFAULT '0000-00-00 00:00:00',
  PRIMARY KEY (`category_institute_id`)
) ENGINE=InnoDB  DEFAULT CHARSET=utf8 COLLATE=utf8_unicode_ci AUTO_INCREMENT=21 ;

--
-- Dumping data for table `Category_Institute`
--

INSERT INTO `Category_Institute` (`category_institute_id`, `category_id`, `institute_id`, `created_at`, `updated_at`) VALUES
(1, 8, 8, '0000-00-00 00:00:00', '0000-00-00 00:00:00'),
(2, 10, 6, '0000-00-00 00:00:00', '0000-00-00 00:00:00'),
(3, 6, 2, '0000-00-00 00:00:00', '0000-00-00 00:00:00'),
(4, 1, 9, '0000-00-00 00:00:00', '0000-00-00 00:00:00'),
(5, 1, 9, '0000-00-00 00:00:00', '0000-00-00 00:00:00'),
(6, 6, 3, '0000-00-00 00:00:00', '0000-00-00 00:00:00'),
(7, 9, 5, '0000-00-00 00:00:00', '0000-00-00 00:00:00'),
(8, 10, 10, '0000-00-00 00:00:00', '0000-00-00 00:00:00'),
(9, 4, 10, '0000-00-00 00:00:00', '0000-00-00 00:00:00'),
(10, 3, 10, '0000-00-00 00:00:00', '0000-00-00 00:00:00'),
(11, 8, 10, '0000-00-00 00:00:00', '0000-00-00 00:00:00'),
(12, 8, 10, '0000-00-00 00:00:00', '0000-00-00 00:00:00'),
(13, 7, 7, '0000-00-00 00:00:00', '0000-00-00 00:00:00'),
(14, 6, 8, '0000-00-00 00:00:00', '0000-00-00 00:00:00'),
(15, 4, 10, '0000-00-00 00:00:00', '0000-00-00 00:00:00'),
(16, 3, 1, '0000-00-00 00:00:00', '0000-00-00 00:00:00'),
(17, 8, 9, '0000-00-00 00:00:00', '0000-00-00 00:00:00'),
(18, 2, 9, '0000-00-00 00:00:00', '0000-00-00 00:00:00'),
(19, 5, 5, '0000-00-00 00:00:00', '0000-00-00 00:00:00'),
(20, 1, 9, '0000-00-00 00:00:00', '0000-00-00 00:00:00');

-- --------------------------------------------------------

--
-- Table structure for table `Comments`
--

CREATE TABLE IF NOT EXISTS `Comments` (
  `user_id` int(11) NOT NULL,
  `institute_id` int(11) NOT NULL,
  `comment` longtext COLLATE utf8_unicode_ci,
  `rating` int(11) NOT NULL,
  `created_at` timestamp NOT NULL DEFAULT '0000-00-00 00:00:00',
  `updated_at` timestamp NOT NULL DEFAULT '0000-00-00 00:00:00'
) ENGINE=InnoDB DEFAULT CHARSET=utf8 COLLATE=utf8_unicode_ci;

--
-- Dumping data for table `Comments`
--

INSERT INTO `Comments` (`user_id`, `institute_id`, `comment`, `rating`, `created_at`, `updated_at`) VALUES
(46, 5, '<p>Et a est amet voluptatem adipisci ea. Molestias quos quas repudiandae accusantium et.<p>', 2, '0000-00-00 00:00:00', '0000-00-00 00:00:00'),
(37, 6, '<p>Occaecati delectus et iste id.<p>', 3, '0000-00-00 00:00:00', '0000-00-00 00:00:00'),
(4, 9, '<p>Rem a ut autem tempore sed ab.<p>', 4, '0000-00-00 00:00:00', '0000-00-00 00:00:00'),
(21, 7, '<p>Fuga nostrum voluptatibus ut.<p>', 1, '0000-00-00 00:00:00', '0000-00-00 00:00:00'),
(21, 9, '<p>Sed iusto ut nihil eveniet.<p>', 3, '0000-00-00 00:00:00', '0000-00-00 00:00:00'),
(43, 1, '<p>Dolores et sed quisquam ab.<p>', 4, '0000-00-00 00:00:00', '0000-00-00 00:00:00'),
(19, 6, '<p>Nemo aspernatur sit ullam hic explicabo dicta quasi. Odio illo autem dignissimos molestias ipsam ducimus assumenda.<p>', 3, '0000-00-00 00:00:00', '0000-00-00 00:00:00'),
(3, 4, '<p>Est quia nostrum et voluptatem.<p>', 1, '0000-00-00 00:00:00', '0000-00-00 00:00:00'),
(17, 2, '<p>Consequatur voluptate id suscipit omnis cumque repudiandae.<p>', 5, '0000-00-00 00:00:00', '0000-00-00 00:00:00'),
(19, 10, '<p>Qui consequatur dolore voluptatem id vero error et.<p>', 3, '0000-00-00 00:00:00', '0000-00-00 00:00:00'),
(42, 8, '<p>Debitis unde enim quo. Et fugiat nihil dolorem illo.<p>', 4, '0000-00-00 00:00:00', '0000-00-00 00:00:00'),
(14, 7, '<p>Placeat vero dolorum saepe dolorem inventore cupiditate sint.<p>', 4, '0000-00-00 00:00:00', '0000-00-00 00:00:00'),
(21, 8, '<p>Dolorum totam impedit earum sint.<p>', 5, '0000-00-00 00:00:00', '0000-00-00 00:00:00'),
(28, 2, '<p>Ut eum iste voluptatum necessitatibus in commodi aperiam.<p>', 5, '0000-00-00 00:00:00', '0000-00-00 00:00:00'),
(30, 2, '<p>Ducimus reiciendis libero impedit sit aut iure.<p>', 2, '0000-00-00 00:00:00', '0000-00-00 00:00:00'),
(43, 1, '<p>Ut nihil voluptas odit architecto eveniet. Qui qui minima qui expedita id adipisci vel.<p>', 3, '0000-00-00 00:00:00', '0000-00-00 00:00:00'),
(12, 1, '<p>Aut distinctio deleniti omnis provident. Veniam quis consectetur reprehenderit nam.<p>', 4, '0000-00-00 00:00:00', '0000-00-00 00:00:00'),
(33, 7, '<p>Eius reiciendis qui vero est nam suscipit. Illo accusamus iure itaque.<p>', 2, '0000-00-00 00:00:00', '0000-00-00 00:00:00'),
(44, 10, '<p>Nostrum inventore sit cumque eum quia et vel. Sint possimus nulla error quia laudantium nisi modi.<p>', 4, '0000-00-00 00:00:00', '0000-00-00 00:00:00'),
(28, 2, '<p>Doloribus et tempora nam quisquam. Quia ipsa vel vitae asperiores nihil doloribus soluta.<p>', 2, '0000-00-00 00:00:00', '0000-00-00 00:00:00');

-- --------------------------------------------------------

--
-- Table structure for table `Institutes`
--

CREATE TABLE IF NOT EXISTS `Institutes` (
  `institute_id` int(10) unsigned NOT NULL AUTO_INCREMENT,
  `institute` varchar(50) COLLATE utf8_unicode_ci NOT NULL,
  `institute_location` varchar(50) COLLATE utf8_unicode_ci NOT NULL,
  `institute_url` varchar(255) COLLATE utf8_unicode_ci NOT NULL,
  `institute_website` varchar(255) COLLATE utf8_unicode_ci DEFAULT NULL,
  `institute_fblink` varchar(255) COLLATE utf8_unicode_ci DEFAULT NULL,
  `institute_twitter` varchar(255) COLLATE utf8_unicode_ci DEFAULT NULL,
  `institute_description` longtext COLLATE utf8_unicode_ci NOT NULL,
  `institute_approved` tinyint(1) NOT NULL,
  `created_at` timestamp NOT NULL DEFAULT '0000-00-00 00:00:00',
  `updated_at` timestamp NOT NULL DEFAULT '0000-00-00 00:00:00',
  PRIMARY KEY (`institute_id`)
) ENGINE=InnoDB  DEFAULT CHARSET=utf8 COLLATE=utf8_unicode_ci AUTO_INCREMENT=11 ;

--
-- Dumping data for table `Institutes`
--

INSERT INTO `Institutes` (`institute_id`, `institute`, `institute_location`, `institute_url`, `institute_website`, `institute_fblink`, `institute_twitter`, `institute_description`, `institute_approved`, `created_at`, `updated_at`) VALUES
(1, 'Ratke-Mraz', '3', 'O''Connell and Sons', 'http://www.hansen.info/', 'christ.fisher', 'heidenreich.erick', '<p>Sed dolorem inventore cum fuga. Tenetur est perferendis tempora.<p>', 0, '0000-00-00 00:00:00', '0000-00-00 00:00:00'),
(2, 'Wintheiser, Frami and Roob', '3', 'Kutch, Osinski and Kihn', 'http://douglas.com/', 'boris.langosh', 'buckridge.vanessa', '<p>Ratione nesciunt ut dolorum expedita sed earum.<p>', 1, '0000-00-00 00:00:00', '0000-00-00 00:00:00'),
(3, 'Cronin-Mraz', '9', 'Spinka, Walsh and Gaylord', 'http://barton.biz/', 'ronaldo.kessler', 'skyla58', '<p>Quod rerum placeat iusto sunt.<p>', 1, '0000-00-00 00:00:00', '0000-00-00 00:00:00'),
(4, 'Fay, Yundt and Koelpin', '3', 'Durgan, Gislason and Skiles', 'http://www.homenick.com/', 'rboyer', 'deckow.theodore', '<p>Possimus doloribus sequi qui eligendi occaecati dolor. Corporis explicabo dolorem voluptate eveniet quas.<p>', 1, '0000-00-00 00:00:00', '0000-00-00 00:00:00'),
(5, 'Carter-Sipes', '7', 'Lesch, Luettgen and Bechtelar', 'http://brekkesporer.net/', 'flavio.o''kon', 'jerde.melyssa', '<p>Rerum eaque totam quia illum in harum. Doloribus ipsa hic voluptas aliquid voluptatem consequatur.<p>', 1, '0000-00-00 00:00:00', '0000-00-00 00:00:00'),
(6, 'Pouros, Hoeger and Reynolds', '5', 'Schimmel, Veum and Reichel', 'http://www.sauercollier.org/', 'yankunding', 'udietrich', '<p>Nam perferendis iure odit temporibus delectus aliquam laborum. Voluptates et expedita magni iure.<p>', 0, '0000-00-00 00:00:00', '0000-00-00 00:00:00'),
(7, 'Batz-Shanahan', '7', 'Lockman-Kessler', 'http://www.weissnatking.com/', 'skub', 'johnathon.jerde', '<p>Consectetur et vel aut ut culpa amet voluptatem consectetur.<p>', 0, '0000-00-00 00:00:00', '0000-00-00 00:00:00'),
(8, 'Altenwerth, Prosacco and Upton', '2', 'Nicolas Ltd', 'http://www.osinski.net/', 'christiansen.laura', 'arturo.gaylord', '<p>Laboriosam id voluptatibus aut ut mollitia.<p>', 0, '0000-00-00 00:00:00', '0000-00-00 00:00:00'),
(9, 'Aufderhar-Casper', '7', 'Emard, Weissnat and Hickle', 'http://www.howellcarter.com/', 'ibergstrom', 'maximo54', '<p>Molestias sed ipsum laborum ipsum. Consectetur ut qui soluta sit excepturi quasi nihil.<p>', 1, '0000-00-00 00:00:00', '0000-00-00 00:00:00'),
(10, 'Wilkinson, Morissette and Konopelski', '7', 'Nolan PLC', 'http://feil.net/', 'halvorson.irma', 'akeem.o''conner', '<p>Doloremque mollitia placeat odit iusto. Temporibus officia explicabo odit ipsum.<p>', 0, '0000-00-00 00:00:00', '0000-00-00 00:00:00');

-- --------------------------------------------------------

--
-- Table structure for table `Keywords`
--

CREATE TABLE IF NOT EXISTS `Keywords` (
  `keyword_id` int(10) unsigned NOT NULL AUTO_INCREMENT,
  `keyword` varchar(255) COLLATE utf8_unicode_ci NOT NULL,
  `created_at` timestamp NOT NULL DEFAULT '0000-00-00 00:00:00',
  `updated_at` timestamp NOT NULL DEFAULT '0000-00-00 00:00:00',
  PRIMARY KEY (`keyword_id`)
) ENGINE=InnoDB  DEFAULT CHARSET=utf8 COLLATE=utf8_unicode_ci AUTO_INCREMENT=201 ;

--
-- Dumping data for table `Keywords`
--

INSERT INTO `Keywords` (`keyword_id`, `keyword`, `created_at`, `updated_at`) VALUES
(1, 'Kris, Crona and Wilderman', '0000-00-00 00:00:00', '0000-00-00 00:00:00'),
(2, 'Wolff Inc', '0000-00-00 00:00:00', '0000-00-00 00:00:00'),
(3, 'Lebsack LLC', '0000-00-00 00:00:00', '0000-00-00 00:00:00'),
(4, 'Feest, Denesik and McClure', '0000-00-00 00:00:00', '0000-00-00 00:00:00'),
(5, 'Marvin, Bogisich and Terry', '0000-00-00 00:00:00', '0000-00-00 00:00:00'),
(6, 'Blanda, Hauck and Champlin', '0000-00-00 00:00:00', '0000-00-00 00:00:00'),
(7, 'Cruickshank and Sons', '0000-00-00 00:00:00', '0000-00-00 00:00:00'),
(8, 'Russel, Kertzmann and Harber', '0000-00-00 00:00:00', '0000-00-00 00:00:00'),
(9, 'Purdy Group', '0000-00-00 00:00:00', '0000-00-00 00:00:00'),
(10, 'Hirthe-O''Conner', '0000-00-00 00:00:00', '0000-00-00 00:00:00'),
(11, 'King-Schmitt', '0000-00-00 00:00:00', '0000-00-00 00:00:00'),
(12, 'Kris, Will and Reichert', '0000-00-00 00:00:00', '0000-00-00 00:00:00'),
(13, 'Luettgen LLC', '0000-00-00 00:00:00', '0000-00-00 00:00:00'),
(14, 'Gaylord Ltd', '0000-00-00 00:00:00', '0000-00-00 00:00:00'),
(15, 'Cronin, O''Hara and Hand', '0000-00-00 00:00:00', '0000-00-00 00:00:00'),
(16, 'Murphy Group', '0000-00-00 00:00:00', '0000-00-00 00:00:00'),
(17, 'Kshlerin, Rowe and Quigley', '0000-00-00 00:00:00', '0000-00-00 00:00:00'),
(18, 'Pfannerstill Inc', '0000-00-00 00:00:00', '0000-00-00 00:00:00'),
(19, 'Paucek PLC', '0000-00-00 00:00:00', '0000-00-00 00:00:00'),
(20, 'Boehm-Steuber', '0000-00-00 00:00:00', '0000-00-00 00:00:00'),
(21, 'Wehner, Greenfelder and Gulgowski', '0000-00-00 00:00:00', '0000-00-00 00:00:00'),
(22, 'Erdman-McGlynn', '0000-00-00 00:00:00', '0000-00-00 00:00:00'),
(23, 'Zboncak-Kunde', '0000-00-00 00:00:00', '0000-00-00 00:00:00'),
(24, 'Schowalter Ltd', '0000-00-00 00:00:00', '0000-00-00 00:00:00'),
(25, 'Purdy-Parisian', '0000-00-00 00:00:00', '0000-00-00 00:00:00'),
(26, 'Price, Glover and Rau', '0000-00-00 00:00:00', '0000-00-00 00:00:00'),
(27, 'Gulgowski-Zboncak', '0000-00-00 00:00:00', '0000-00-00 00:00:00'),
(28, 'Jones Inc', '0000-00-00 00:00:00', '0000-00-00 00:00:00'),
(29, 'Skiles-Langworth', '0000-00-00 00:00:00', '0000-00-00 00:00:00'),
(30, 'Aufderhar-Brekke', '0000-00-00 00:00:00', '0000-00-00 00:00:00'),
(31, 'Stoltenberg-Dicki', '0000-00-00 00:00:00', '0000-00-00 00:00:00'),
(32, 'Koss Inc', '0000-00-00 00:00:00', '0000-00-00 00:00:00'),
(33, 'Homenick, Vandervort and Greenholt', '0000-00-00 00:00:00', '0000-00-00 00:00:00'),
(34, 'Morar PLC', '0000-00-00 00:00:00', '0000-00-00 00:00:00'),
(35, 'Rutherford Ltd', '0000-00-00 00:00:00', '0000-00-00 00:00:00'),
(36, 'Maggio-Pacocha', '0000-00-00 00:00:00', '0000-00-00 00:00:00'),
(37, 'Watsica-Hyatt', '0000-00-00 00:00:00', '0000-00-00 00:00:00'),
(38, 'Wunsch-Cummerata', '0000-00-00 00:00:00', '0000-00-00 00:00:00'),
(39, 'Bahringer Group', '0000-00-00 00:00:00', '0000-00-00 00:00:00'),
(40, 'Barton-Balistreri', '0000-00-00 00:00:00', '0000-00-00 00:00:00'),
(41, 'Davis-Stark', '0000-00-00 00:00:00', '0000-00-00 00:00:00'),
(42, 'Schaefer-Jast', '0000-00-00 00:00:00', '0000-00-00 00:00:00'),
(43, 'Padberg Group', '0000-00-00 00:00:00', '0000-00-00 00:00:00'),
(44, 'Dare, Daugherty and Gorczany', '0000-00-00 00:00:00', '0000-00-00 00:00:00'),
(45, 'Emard-Okuneva', '0000-00-00 00:00:00', '0000-00-00 00:00:00'),
(46, 'Wyman-Reinger', '0000-00-00 00:00:00', '0000-00-00 00:00:00'),
(47, 'Heller and Sons', '0000-00-00 00:00:00', '0000-00-00 00:00:00'),
(48, 'Hodkiewicz-Schinner', '0000-00-00 00:00:00', '0000-00-00 00:00:00'),
(49, 'Mann PLC', '0000-00-00 00:00:00', '0000-00-00 00:00:00'),
(50, 'Brekke-Greenfelder', '0000-00-00 00:00:00', '0000-00-00 00:00:00'),
(51, 'Hansen Ltd', '0000-00-00 00:00:00', '0000-00-00 00:00:00'),
(52, 'Johns-Jenkins', '0000-00-00 00:00:00', '0000-00-00 00:00:00'),
(53, 'Bartell-Langworth', '0000-00-00 00:00:00', '0000-00-00 00:00:00'),
(54, 'Gusikowski, Botsford and Hessel', '0000-00-00 00:00:00', '0000-00-00 00:00:00'),
(55, 'Bogisich, Jacobs and Kutch', '0000-00-00 00:00:00', '0000-00-00 00:00:00'),
(56, 'Luettgen-Heathcote', '0000-00-00 00:00:00', '0000-00-00 00:00:00'),
(57, 'Jakubowski Inc', '0000-00-00 00:00:00', '0000-00-00 00:00:00'),
(58, 'Raynor, Harvey and Jaskolski', '0000-00-00 00:00:00', '0000-00-00 00:00:00'),
(59, 'Paucek Inc', '0000-00-00 00:00:00', '0000-00-00 00:00:00'),
(60, 'Tromp Ltd', '0000-00-00 00:00:00', '0000-00-00 00:00:00'),
(61, 'Torphy-Torp', '0000-00-00 00:00:00', '0000-00-00 00:00:00'),
(62, 'Will-Green', '0000-00-00 00:00:00', '0000-00-00 00:00:00'),
(63, 'Hyatt-Hagenes', '0000-00-00 00:00:00', '0000-00-00 00:00:00'),
(64, 'Senger-Wunsch', '0000-00-00 00:00:00', '0000-00-00 00:00:00'),
(65, 'Lehner, Schinner and Mayer', '0000-00-00 00:00:00', '0000-00-00 00:00:00'),
(66, 'McKenzie, McClure and Hyatt', '0000-00-00 00:00:00', '0000-00-00 00:00:00'),
(67, 'Bergstrom, Gerhold and Carroll', '0000-00-00 00:00:00', '0000-00-00 00:00:00'),
(68, 'Lind-Windler', '0000-00-00 00:00:00', '0000-00-00 00:00:00'),
(69, 'Lehner, Gorczany and Toy', '0000-00-00 00:00:00', '0000-00-00 00:00:00'),
(70, 'Spencer, Orn and Douglas', '0000-00-00 00:00:00', '0000-00-00 00:00:00'),
(71, 'Kuhn, Zieme and Blanda', '0000-00-00 00:00:00', '0000-00-00 00:00:00'),
(72, 'Murray, Murazik and Botsford', '0000-00-00 00:00:00', '0000-00-00 00:00:00'),
(73, 'Hegmann, Wiegand and Weimann', '0000-00-00 00:00:00', '0000-00-00 00:00:00'),
(74, 'Willms, Bashirian and Hills', '0000-00-00 00:00:00', '0000-00-00 00:00:00'),
(75, 'Kertzmann, Jones and Jakubowski', '0000-00-00 00:00:00', '0000-00-00 00:00:00'),
(76, 'Armstrong, Baumbach and O''Keefe', '0000-00-00 00:00:00', '0000-00-00 00:00:00'),
(77, 'Bogan, Bernhard and Keebler', '0000-00-00 00:00:00', '0000-00-00 00:00:00'),
(78, 'Abernathy-Vandervort', '0000-00-00 00:00:00', '0000-00-00 00:00:00'),
(79, 'Rohan, Treutel and Gibson', '0000-00-00 00:00:00', '0000-00-00 00:00:00'),
(80, 'Nikolaus and Sons', '0000-00-00 00:00:00', '0000-00-00 00:00:00'),
(81, 'Konopelski LLC', '0000-00-00 00:00:00', '0000-00-00 00:00:00'),
(82, 'Abbott-Rippin', '0000-00-00 00:00:00', '0000-00-00 00:00:00'),
(83, 'Hyatt, Kozey and Stehr', '0000-00-00 00:00:00', '0000-00-00 00:00:00'),
(84, 'Frami Group', '0000-00-00 00:00:00', '0000-00-00 00:00:00'),
(85, 'Fahey, Corwin and Maggio', '0000-00-00 00:00:00', '0000-00-00 00:00:00'),
(86, 'Ortiz-Moore', '0000-00-00 00:00:00', '0000-00-00 00:00:00'),
(87, 'Farrell-Hermiston', '0000-00-00 00:00:00', '0000-00-00 00:00:00'),
(88, 'Homenick, Bins and Lesch', '0000-00-00 00:00:00', '0000-00-00 00:00:00'),
(89, 'Weber-Green', '0000-00-00 00:00:00', '0000-00-00 00:00:00'),
(90, 'Conn-Ebert', '0000-00-00 00:00:00', '0000-00-00 00:00:00'),
(91, 'Steuber, Renner and Kihn', '0000-00-00 00:00:00', '0000-00-00 00:00:00'),
(92, 'Wilkinson-Donnelly', '0000-00-00 00:00:00', '0000-00-00 00:00:00'),
(93, 'Shields-VonRueden', '0000-00-00 00:00:00', '0000-00-00 00:00:00'),
(94, 'Sipes Inc', '0000-00-00 00:00:00', '0000-00-00 00:00:00'),
(95, 'Hilpert Group', '0000-00-00 00:00:00', '0000-00-00 00:00:00'),
(96, 'Fisher, Mitchell and Kessler', '0000-00-00 00:00:00', '0000-00-00 00:00:00'),
(97, 'Emard, DuBuque and Torp', '0000-00-00 00:00:00', '0000-00-00 00:00:00'),
(98, 'Spencer, Doyle and Rippin', '0000-00-00 00:00:00', '0000-00-00 00:00:00'),
(99, 'Klocko and Sons', '0000-00-00 00:00:00', '0000-00-00 00:00:00'),
(100, 'Rutherford Inc', '0000-00-00 00:00:00', '0000-00-00 00:00:00'),
(101, 'Goldner-Willms', '0000-00-00 00:00:00', '0000-00-00 00:00:00'),
(102, 'Rosenbaum Group', '0000-00-00 00:00:00', '0000-00-00 00:00:00'),
(103, 'Friesen PLC', '0000-00-00 00:00:00', '0000-00-00 00:00:00'),
(104, 'Trantow-Wolff', '0000-00-00 00:00:00', '0000-00-00 00:00:00'),
(105, 'Boyle-Kohler', '0000-00-00 00:00:00', '0000-00-00 00:00:00'),
(106, 'Haley, Spencer and Schmeler', '0000-00-00 00:00:00', '0000-00-00 00:00:00'),
(107, 'O''Reilly Ltd', '0000-00-00 00:00:00', '0000-00-00 00:00:00'),
(108, 'Bogan PLC', '0000-00-00 00:00:00', '0000-00-00 00:00:00'),
(109, 'Mann, Mraz and Wuckert', '0000-00-00 00:00:00', '0000-00-00 00:00:00'),
(110, 'Casper-Ullrich', '0000-00-00 00:00:00', '0000-00-00 00:00:00'),
(111, 'Turcotte Group', '0000-00-00 00:00:00', '0000-00-00 00:00:00'),
(112, 'Harris Group', '0000-00-00 00:00:00', '0000-00-00 00:00:00'),
(113, 'Larson, Baumbach and Kreiger', '0000-00-00 00:00:00', '0000-00-00 00:00:00'),
(114, 'Lueilwitz, Von and Rowe', '0000-00-00 00:00:00', '0000-00-00 00:00:00'),
(115, 'Walsh-Kshlerin', '0000-00-00 00:00:00', '0000-00-00 00:00:00'),
(116, 'Daugherty PLC', '0000-00-00 00:00:00', '0000-00-00 00:00:00'),
(117, 'Leuschke, Swift and Sporer', '0000-00-00 00:00:00', '0000-00-00 00:00:00'),
(118, 'Kreiger-White', '0000-00-00 00:00:00', '0000-00-00 00:00:00'),
(119, 'Bins-Murray', '0000-00-00 00:00:00', '0000-00-00 00:00:00'),
(120, 'Terry-Lubowitz', '0000-00-00 00:00:00', '0000-00-00 00:00:00'),
(121, 'Lemke, Reynolds and Howell', '0000-00-00 00:00:00', '0000-00-00 00:00:00'),
(122, 'Torphy Ltd', '0000-00-00 00:00:00', '0000-00-00 00:00:00'),
(123, 'Walsh-Dibbert', '0000-00-00 00:00:00', '0000-00-00 00:00:00'),
(124, 'Wintheiser, O''Connell and Bayer', '0000-00-00 00:00:00', '0000-00-00 00:00:00'),
(125, 'Kuhn Group', '0000-00-00 00:00:00', '0000-00-00 00:00:00'),
(126, 'McClure, Steuber and Howell', '0000-00-00 00:00:00', '0000-00-00 00:00:00'),
(127, 'Keebler-Feest', '0000-00-00 00:00:00', '0000-00-00 00:00:00'),
(128, 'Carter-Medhurst', '0000-00-00 00:00:00', '0000-00-00 00:00:00'),
(129, 'Rodriguez-Tremblay', '0000-00-00 00:00:00', '0000-00-00 00:00:00'),
(130, 'Hartmann LLC', '0000-00-00 00:00:00', '0000-00-00 00:00:00'),
(131, 'Murray, Wolff and Dach', '0000-00-00 00:00:00', '0000-00-00 00:00:00'),
(132, 'Armstrong LLC', '0000-00-00 00:00:00', '0000-00-00 00:00:00'),
(133, 'Marquardt, Boyle and Hyatt', '0000-00-00 00:00:00', '0000-00-00 00:00:00'),
(134, 'VonRueden, Wilkinson and Maggio', '0000-00-00 00:00:00', '0000-00-00 00:00:00'),
(135, 'Wintheiser-Ledner', '0000-00-00 00:00:00', '0000-00-00 00:00:00'),
(136, 'Rodriguez PLC', '0000-00-00 00:00:00', '0000-00-00 00:00:00'),
(137, 'Shields-Turcotte', '0000-00-00 00:00:00', '0000-00-00 00:00:00'),
(138, 'Heaney PLC', '0000-00-00 00:00:00', '0000-00-00 00:00:00'),
(139, 'Schinner, Runte and Jacobs', '0000-00-00 00:00:00', '0000-00-00 00:00:00'),
(140, 'Welch LLC', '0000-00-00 00:00:00', '0000-00-00 00:00:00'),
(141, 'Schmitt, Upton and Dach', '0000-00-00 00:00:00', '0000-00-00 00:00:00'),
(142, 'Kilback, Kuhn and McCullough', '0000-00-00 00:00:00', '0000-00-00 00:00:00'),
(143, 'Ullrich and Sons', '0000-00-00 00:00:00', '0000-00-00 00:00:00'),
(144, 'Kuhn LLC', '0000-00-00 00:00:00', '0000-00-00 00:00:00'),
(145, 'Torp, D''Amore and Hoppe', '0000-00-00 00:00:00', '0000-00-00 00:00:00'),
(146, 'Hettinger-Leuschke', '0000-00-00 00:00:00', '0000-00-00 00:00:00'),
(147, 'Collier and Sons', '0000-00-00 00:00:00', '0000-00-00 00:00:00'),
(148, 'Hand Group', '0000-00-00 00:00:00', '0000-00-00 00:00:00'),
(149, 'Balistreri LLC', '0000-00-00 00:00:00', '0000-00-00 00:00:00'),
(150, 'Schneider-Jenkins', '0000-00-00 00:00:00', '0000-00-00 00:00:00'),
(151, 'Dickens LLC', '0000-00-00 00:00:00', '0000-00-00 00:00:00'),
(152, 'Batz and Sons', '0000-00-00 00:00:00', '0000-00-00 00:00:00'),
(153, 'Rau LLC', '0000-00-00 00:00:00', '0000-00-00 00:00:00'),
(154, 'Jerde-Schulist', '0000-00-00 00:00:00', '0000-00-00 00:00:00'),
(155, 'Brekke-Wiza', '0000-00-00 00:00:00', '0000-00-00 00:00:00'),
(156, 'Homenick-Littel', '0000-00-00 00:00:00', '0000-00-00 00:00:00'),
(157, 'Wilderman-Emmerich', '0000-00-00 00:00:00', '0000-00-00 00:00:00'),
(158, 'Kutch, Bogan and Weber', '0000-00-00 00:00:00', '0000-00-00 00:00:00'),
(159, 'Bashirian Group', '0000-00-00 00:00:00', '0000-00-00 00:00:00'),
(160, 'D''Amore-Marks', '0000-00-00 00:00:00', '0000-00-00 00:00:00'),
(161, 'Flatley Inc', '0000-00-00 00:00:00', '0000-00-00 00:00:00'),
(162, 'Wolf-Stokes', '0000-00-00 00:00:00', '0000-00-00 00:00:00'),
(163, 'Veum and Sons', '0000-00-00 00:00:00', '0000-00-00 00:00:00'),
(164, 'Wyman, Terry and Mitchell', '0000-00-00 00:00:00', '0000-00-00 00:00:00'),
(165, 'Dach-Rempel', '0000-00-00 00:00:00', '0000-00-00 00:00:00'),
(166, 'Hyatt PLC', '0000-00-00 00:00:00', '0000-00-00 00:00:00'),
(167, 'Lemke PLC', '0000-00-00 00:00:00', '0000-00-00 00:00:00'),
(168, 'Stroman Group', '0000-00-00 00:00:00', '0000-00-00 00:00:00'),
(169, 'Yundt-Gislason', '0000-00-00 00:00:00', '0000-00-00 00:00:00'),
(170, 'Klein-Collier', '0000-00-00 00:00:00', '0000-00-00 00:00:00'),
(171, 'Goldner, Marvin and King', '0000-00-00 00:00:00', '0000-00-00 00:00:00'),
(172, 'Prohaska PLC', '0000-00-00 00:00:00', '0000-00-00 00:00:00'),
(173, 'Harris, Trantow and Kunde', '0000-00-00 00:00:00', '0000-00-00 00:00:00'),
(174, 'Hagenes, Ankunding and Schaden', '0000-00-00 00:00:00', '0000-00-00 00:00:00'),
(175, 'O''Reilly-Gibson', '0000-00-00 00:00:00', '0000-00-00 00:00:00'),
(176, 'Hettinger and Sons', '0000-00-00 00:00:00', '0000-00-00 00:00:00'),
(177, 'Goodwin, Kshlerin and Murazik', '0000-00-00 00:00:00', '0000-00-00 00:00:00'),
(178, 'Zulauf Ltd', '0000-00-00 00:00:00', '0000-00-00 00:00:00'),
(179, 'Cummings-Renner', '0000-00-00 00:00:00', '0000-00-00 00:00:00'),
(180, 'Jast-Jacobi', '0000-00-00 00:00:00', '0000-00-00 00:00:00'),
(181, 'Buckridge-Windler', '0000-00-00 00:00:00', '0000-00-00 00:00:00'),
(182, 'Hodkiewicz-Walker', '0000-00-00 00:00:00', '0000-00-00 00:00:00'),
(183, 'Lesch, Kling and Blanda', '0000-00-00 00:00:00', '0000-00-00 00:00:00'),
(184, 'Schinner-Schaden', '0000-00-00 00:00:00', '0000-00-00 00:00:00'),
(185, 'Ritchie, Rosenbaum and Connelly', '0000-00-00 00:00:00', '0000-00-00 00:00:00'),
(186, 'Gerlach Ltd', '0000-00-00 00:00:00', '0000-00-00 00:00:00'),
(187, 'Gerlach, Effertz and Gerlach', '0000-00-00 00:00:00', '0000-00-00 00:00:00'),
(188, 'Jaskolski Group', '0000-00-00 00:00:00', '0000-00-00 00:00:00'),
(189, 'Homenick-Jewess', '0000-00-00 00:00:00', '0000-00-00 00:00:00'),
(190, 'Cummings, Skiles and Reilly', '0000-00-00 00:00:00', '0000-00-00 00:00:00'),
(191, 'Welch PLC', '0000-00-00 00:00:00', '0000-00-00 00:00:00'),
(192, 'Stokes-Ratke', '0000-00-00 00:00:00', '0000-00-00 00:00:00'),
(193, 'Harvey-Erdman', '0000-00-00 00:00:00', '0000-00-00 00:00:00'),
(194, 'Weissnat, Orn and Kautzer', '0000-00-00 00:00:00', '0000-00-00 00:00:00'),
(195, 'Mitchell Ltd', '0000-00-00 00:00:00', '0000-00-00 00:00:00'),
(196, 'Nader Inc', '0000-00-00 00:00:00', '0000-00-00 00:00:00'),
(197, 'Wehner Group', '0000-00-00 00:00:00', '0000-00-00 00:00:00'),
(198, 'Corkery-Stroman', '0000-00-00 00:00:00', '0000-00-00 00:00:00'),
(199, 'Zieme-Bergstrom', '0000-00-00 00:00:00', '0000-00-00 00:00:00'),
(200, 'Braun-Marvin', '0000-00-00 00:00:00', '0000-00-00 00:00:00');

-- --------------------------------------------------------

--
-- Table structure for table `Locations`
--

CREATE TABLE IF NOT EXISTS `Locations` (
  `location_id` int(10) unsigned NOT NULL AUTO_INCREMENT,
  `location` varchar(255) COLLATE utf8_unicode_ci NOT NULL,
  `created_at` timestamp NOT NULL DEFAULT '0000-00-00 00:00:00',
  `updated_at` timestamp NOT NULL DEFAULT '0000-00-00 00:00:00',
  PRIMARY KEY (`location_id`)
) ENGINE=InnoDB  DEFAULT CHARSET=utf8 COLLATE=utf8_unicode_ci AUTO_INCREMENT=11 ;

--
-- Dumping data for table `Locations`
--

INSERT INTO `Locations` (`location_id`, `location`, `created_at`, `updated_at`) VALUES
(1, 'North Berniecehaven', '0000-00-00 00:00:00', '0000-00-00 00:00:00'),
(2, 'New Cathrineland', '0000-00-00 00:00:00', '0000-00-00 00:00:00'),
(3, 'New Gonzalo', '0000-00-00 00:00:00', '0000-00-00 00:00:00'),
(4, 'Olsonside', '0000-00-00 00:00:00', '0000-00-00 00:00:00'),
(5, 'South Jaylonberg', '0000-00-00 00:00:00', '0000-00-00 00:00:00'),
(6, 'South Audrey', '0000-00-00 00:00:00', '0000-00-00 00:00:00'),
(7, 'Lake Alexzandermouth', '0000-00-00 00:00:00', '0000-00-00 00:00:00'),
(8, 'Isomchester', '0000-00-00 00:00:00', '0000-00-00 00:00:00'),
(9, 'Maceyside', '0000-00-00 00:00:00', '0000-00-00 00:00:00'),
(10, 'Felicitytown', '0000-00-00 00:00:00', '0000-00-00 00:00:00');

-- --------------------------------------------------------

--
-- Table structure for table `migrations`
--

CREATE TABLE IF NOT EXISTS `migrations` (
  `migration` varchar(255) COLLATE utf8_unicode_ci NOT NULL,
  `batch` int(11) NOT NULL
) ENGINE=InnoDB DEFAULT CHARSET=utf8 COLLATE=utf8_unicode_ci;

--
-- Dumping data for table `migrations`
--

INSERT INTO `migrations` (`migration`, `batch`) VALUES
('2014_12_17_145444_create_batches_table', 1),
('2014_12_17_145523_create_batch_photo_table', 1),
('2014_12_17_145538_create_categories_table', 1),
('2014_12_17_145602_create_comments_table', 1),
('2014_12_17_145613_create_institutes_table', 1),
('2014_12_17_145624_create_keywords_table', 1),
('2014_12_17_145700_create_locations_table', 1),
('2014_12_17_145713_create_users_table', 1),
('2014_12_17_145722_create_venues_table', 1),
('2014_12_17_152341_create_subcategory_table', 1),
('2014_12_18_145616_create_batch_keyword_table', 1),
('2014_12_18_145832_create_category_institute_table', 1),
('2014_12_19_071346_create_subscriptions_table', 1);

-- --------------------------------------------------------

--
-- Table structure for table `Subcategories`
--

CREATE TABLE IF NOT EXISTS `Subcategories` (
  `subcategory_id` int(10) unsigned NOT NULL AUTO_INCREMENT,
  `category_id` int(11) NOT NULL,
  `subcategory` varchar(255) COLLATE utf8_unicode_ci NOT NULL,
  `created_at` timestamp NOT NULL DEFAULT '0000-00-00 00:00:00',
  `updated_at` timestamp NOT NULL DEFAULT '0000-00-00 00:00:00',
  PRIMARY KEY (`subcategory_id`)
) ENGINE=InnoDB  DEFAULT CHARSET=utf8 COLLATE=utf8_unicode_ci AUTO_INCREMENT=51 ;

--
-- Dumping data for table `Subcategories`
--

INSERT INTO `Subcategories` (`subcategory_id`, `category_id`, `subcategory`, `created_at`, `updated_at`) VALUES
(1, 3, 'Adolfo Kerluke', '0000-00-00 00:00:00', '0000-00-00 00:00:00'),
(2, 3, 'Jaida Roberts', '0000-00-00 00:00:00', '0000-00-00 00:00:00'),
(3, 2, 'Leonel Jacobson', '0000-00-00 00:00:00', '0000-00-00 00:00:00'),
(4, 6, 'Hattie McKenzie', '0000-00-00 00:00:00', '0000-00-00 00:00:00'),
(5, 8, 'Einar Abernathy V', '0000-00-00 00:00:00', '0000-00-00 00:00:00'),
(6, 8, 'Jannie Homenick', '0000-00-00 00:00:00', '0000-00-00 00:00:00'),
(7, 7, 'Mr. Nakia Ruecker III', '0000-00-00 00:00:00', '0000-00-00 00:00:00'),
(8, 2, 'Arjun Padberg Jr.', '0000-00-00 00:00:00', '0000-00-00 00:00:00'),
(9, 5, 'Cleo Simonis', '0000-00-00 00:00:00', '0000-00-00 00:00:00'),
(10, 6, 'Oscar Hauck', '0000-00-00 00:00:00', '0000-00-00 00:00:00'),
(11, 5, 'Orie Stamm', '0000-00-00 00:00:00', '0000-00-00 00:00:00'),
(12, 4, 'Emerson Adams', '0000-00-00 00:00:00', '0000-00-00 00:00:00'),
(13, 9, 'Mrs. Quincy Shanahan DDS', '0000-00-00 00:00:00', '0000-00-00 00:00:00'),
(14, 3, 'Trenton Sanford', '0000-00-00 00:00:00', '0000-00-00 00:00:00'),
(15, 8, 'Alize Russel', '0000-00-00 00:00:00', '0000-00-00 00:00:00'),
(16, 6, 'Dave Quigley IV', '0000-00-00 00:00:00', '0000-00-00 00:00:00'),
(17, 7, 'Miss Charley Funk III', '0000-00-00 00:00:00', '0000-00-00 00:00:00'),
(18, 2, 'Emerald Kuhn', '0000-00-00 00:00:00', '0000-00-00 00:00:00'),
(19, 4, 'Arden Moore', '0000-00-00 00:00:00', '0000-00-00 00:00:00'),
(20, 4, 'Thea Anderson', '0000-00-00 00:00:00', '0000-00-00 00:00:00'),
(21, 3, 'Cheyanne Kassulke', '0000-00-00 00:00:00', '0000-00-00 00:00:00'),
(22, 2, 'Quinton Feest', '0000-00-00 00:00:00', '0000-00-00 00:00:00'),
(23, 8, 'Damaris Corwin', '0000-00-00 00:00:00', '0000-00-00 00:00:00'),
(24, 9, 'Manley Wiegand', '0000-00-00 00:00:00', '0000-00-00 00:00:00'),
(25, 3, 'Benedict McGlynn', '0000-00-00 00:00:00', '0000-00-00 00:00:00'),
(26, 2, 'Mr. Eunice Larkin', '0000-00-00 00:00:00', '0000-00-00 00:00:00'),
(27, 3, 'Afton Berge', '0000-00-00 00:00:00', '0000-00-00 00:00:00'),
(28, 6, 'Lawrence Cole', '0000-00-00 00:00:00', '0000-00-00 00:00:00'),
(29, 8, 'Reanna Durgan', '0000-00-00 00:00:00', '0000-00-00 00:00:00'),
(30, 4, 'Jared Bergnaum', '0000-00-00 00:00:00', '0000-00-00 00:00:00'),
(31, 2, 'Rusty Kertzmann I', '0000-00-00 00:00:00', '0000-00-00 00:00:00'),
(32, 5, 'Mr. Christelle Beahan', '0000-00-00 00:00:00', '0000-00-00 00:00:00'),
(33, 3, 'Aimee Hintz', '0000-00-00 00:00:00', '0000-00-00 00:00:00'),
(34, 9, 'Ms. Dedric Mohr', '0000-00-00 00:00:00', '0000-00-00 00:00:00'),
(35, 8, 'Gerardo Gleichner PhD', '0000-00-00 00:00:00', '0000-00-00 00:00:00'),
(36, 1, 'Aron Little', '0000-00-00 00:00:00', '0000-00-00 00:00:00'),
(37, 5, 'Mrs. Presley Barrows', '0000-00-00 00:00:00', '0000-00-00 00:00:00'),
(38, 6, 'Dayne Bailey', '0000-00-00 00:00:00', '0000-00-00 00:00:00'),
(39, 8, 'Miss Amanda Sipes DVM', '0000-00-00 00:00:00', '0000-00-00 00:00:00'),
(40, 9, 'Miss Enrique Sawayn', '0000-00-00 00:00:00', '0000-00-00 00:00:00'),
(41, 5, 'Andre Kuphal', '0000-00-00 00:00:00', '0000-00-00 00:00:00'),
(42, 5, 'Leopoldo Hagenes', '0000-00-00 00:00:00', '0000-00-00 00:00:00'),
(43, 7, 'Delbert White', '0000-00-00 00:00:00', '0000-00-00 00:00:00'),
(44, 6, 'Miss Theodora Russel DDS', '0000-00-00 00:00:00', '0000-00-00 00:00:00'),
(45, 4, 'Mrs. Marjolaine Kub', '0000-00-00 00:00:00', '0000-00-00 00:00:00'),
(46, 2, 'Maria Huels', '0000-00-00 00:00:00', '0000-00-00 00:00:00'),
(47, 6, 'Weston Jewess', '0000-00-00 00:00:00', '0000-00-00 00:00:00'),
(48, 2, 'Zachery Durgan', '0000-00-00 00:00:00', '0000-00-00 00:00:00'),
(49, 1, 'Jolie Stracke III', '0000-00-00 00:00:00', '0000-00-00 00:00:00'),
(50, 2, 'Lula Gerlach', '0000-00-00 00:00:00', '0000-00-00 00:00:00');

-- --------------------------------------------------------

--
-- Table structure for table `Subscriptions`
--

CREATE TABLE IF NOT EXISTS `Subscriptions` (
  `id` int(10) unsigned NOT NULL AUTO_INCREMENT,
  `user_id` int(11) NOT NULL,
  `created_at` timestamp NOT NULL DEFAULT '0000-00-00 00:00:00',
  `updated_at` timestamp NOT NULL DEFAULT '0000-00-00 00:00:00',
  PRIMARY KEY (`id`)
) ENGINE=InnoDB DEFAULT CHARSET=utf8 COLLATE=utf8_unicode_ci AUTO_INCREMENT=1 ;

-- --------------------------------------------------------

--
-- Table structure for table `Users`
--

CREATE TABLE IF NOT EXISTS `Users` (
  `user_id` int(10) unsigned NOT NULL AUTO_INCREMENT,
  `user_first_name` varchar(50) COLLATE utf8_unicode_ci NOT NULL,
  `user_last_name` varchar(50) COLLATE utf8_unicode_ci DEFAULT NULL,
  `user_email` varchar(50) COLLATE utf8_unicode_ci NOT NULL,
  `user_contact_no` varchar(15) COLLATE utf8_unicode_ci NOT NULL,
  `user_password` varchar(70) COLLATE utf8_unicode_ci NOT NULL,
  `user_location` int(11) NOT NULL,
  `user_fb_id` varchar(50) COLLATE utf8_unicode_ci DEFAULT NULL,
  `user_birthdate` date DEFAULT NULL,
  `user_gender` varchar(6) COLLATE utf8_unicode_ci DEFAULT NULL,
  `user_remember_token` varchar(70) COLLATE utf8_unicode_ci DEFAULT NULL,
  `user_facebook_access_token` varchar(70) COLLATE utf8_unicode_ci DEFAULT NULL,
  `user_confirmation_code` varchar(90) COLLATE utf8_unicode_ci NOT NULL,
  `user_confirmed` tinyint(1) NOT NULL,
  `created_at` timestamp NOT NULL DEFAULT '0000-00-00 00:00:00',
  `updated_at` timestamp NOT NULL DEFAULT '0000-00-00 00:00:00',
  PRIMARY KEY (`user_id`)
) ENGINE=InnoDB  DEFAULT CHARSET=utf8 COLLATE=utf8_unicode_ci AUTO_INCREMENT=41 ;

--
-- Dumping data for table `Users`
--

INSERT INTO `Users` (`user_id`, `user_first_name`, `user_last_name`, `user_email`, `user_contact_no`, `user_password`, `user_location`, `user_fb_id`, `user_birthdate`, `user_gender`, `user_remember_token`, `user_facebook_access_token`, `user_confirmation_code`, `user_confirmed`, `created_at`, `updated_at`) VALUES
(1, 'Gisselle', 'Bins', 'tromp.aniya@hoeger.biz', '886-241-4593x66', '$2y$10$GyJlnd0.tit0W0jk9ciAs.gVqoso9/uZEdmrK/b3GOW00LaaS30fC', 7, '827401957940310', '1987-11-13', 'male', 'gwfl', 'izeg', '81177887510', 1, '0000-00-00 00:00:00', '0000-00-00 00:00:00'),
(2, 'Prudence', 'Wunsch', 'mante.breana@sauerjacobs.com', '(021)062-7985', '$2y$10$S/e.aqSFDzxTevvAu.a2lOMuZkKo4Dx67PVequwCvSNitI4NhL7tO', 5, '638677418697625', '1982-08-05', 'male', 'gljh', 'duri', '54036464481', 0, '0000-00-00 00:00:00', '0000-00-00 00:00:00'),
(3, 'Daija', 'Glover', 'dhaley@gmail.com', '999.832.9862x58', '$2y$10$nMQGqVUmhHbGDAfQZruHvOpJZNyoKpJUI6Rkzg/CMDCnZ16/AGbQy', 4, '946271567605435', '1973-07-24', 'male', 'bpxe', 'cfnm', '19936938657', 0, '0000-00-00 00:00:00', '0000-00-00 00:00:00'),
(4, 'Amanda', 'Ziemann', 'micaela34@hotmail.com', '04174479369', '$2y$10$X7vXE/UJ0sY1gsKN/KLAQu00qNq3kPkZT5NnE4jNMZ.E/CE82gJ4S', 1, '664584960788488', '1994-11-19', 'male', 'rkqg', 'msnm', '77870984339', 0, '0000-00-00 00:00:00', '0000-00-00 00:00:00'),
(5, 'Jess', 'Ritchie', 'lweimann@yahoo.com', '+36(1)553952102', '$2y$10$H485ETth4/TsQJbUbS0j9OIbf9hHHJrJYFgqdQRt9zU3MvrWq343W', 9, '474521680735051', '1984-10-15', 'male', 'rvmv', 'qtnb', '57262748845', 0, '0000-00-00 00:00:00', '0000-00-00 00:00:00'),
(6, 'Marley', 'Leffler', 'jledner@lednercronin.com', '(181)368-9014x7', '$2y$10$MSuphy71vf0wRAygTcMWw.NjVCU/HAuJ.HWdYdm/dwB8u5K18Y5vq', 4, '530630141962319', '1999-04-13', 'male', 'vmtd', 'umjo', '69562008119', 0, '0000-00-00 00:00:00', '0000-00-00 00:00:00'),
(7, 'Gideon', 'Koch', 'smarvin@king.com', '1-604-482-7668x', '$2y$10$oKDHHB0lcru/hC3xz0vkzO99s4.IiNhfekVEfWK8N.mPgZyzkRONO', 9, '311424666550010', '1975-04-08', 'male', 'uejr', 'yhbh', '57409847307', 0, '0000-00-00 00:00:00', '0000-00-00 00:00:00'),
(8, 'Krystal', 'Zulauf', 'xbednar@wiegand.info', '+97(4)204359836', '$2y$10$zaPs4AOBj5JY3P8fRdbmfuUeYZJY/TDmJ4DMT6aOqGeYSoWNAKF86', 8, '387869675643742', '1986-04-03', 'male', 'bmja', 'sqqy', '51381112446', 0, '0000-00-00 00:00:00', '0000-00-00 00:00:00'),
(9, 'Lyric', 'Blick', 'jennie68@hotmail.com', '1-010-639-7941', '$2y$10$4oP4rqo2zjDL1LT.WTKTsejFOQpFG/9xnSO0XDAlmZUi3QJzKpjcC', 5, '162285758648067', '1982-03-23', 'male', 'pahk', 'kbbj', '51631209218', 1, '0000-00-00 00:00:00', '0000-00-00 00:00:00'),
(10, 'Savion', 'Murphy', 'christiana31@yahoo.com', '622.056.6016', '$2y$10$BBEM80.YH1MD2p8hrCKVi.edzduN3FLu6WdpT29V7aAWgkbncMZPK', 1, '812353827524930', '1983-05-20', 'male', 'zbph', 'cair', '68657086739', 1, '0000-00-00 00:00:00', '0000-00-00 00:00:00'),
(11, 'Celestino', 'Willms', 'ganderson@gmail.com', '831.485.1760', '$2y$10$p337Hbyx5M2gKOhziez7I.YFCkYJ/SwDIUYhhAtFDDPhmoTOHTtgm', 2, '660122537054121', '1984-12-12', 'male', 'pwdx', 'pqzq', '47364520444', 0, '0000-00-00 00:00:00', '0000-00-00 00:00:00'),
(12, 'Laron', 'Hoppe', 'kraig29@yahoo.com', '(486)740-4150x2', '$2y$10$bncGfEZYyqoZFFOdUafILukq0RWSOU3VjgxVZwFDTX0U25GNxye4y', 9, '254601865075528', '2008-07-14', 'male', 'djba', 'xthy', '22963562031', 0, '0000-00-00 00:00:00', '0000-00-00 00:00:00'),
(13, 'Bernice', 'Raynor', 'gabriel30@yahoo.com', '444-929-2687x85', '$2y$10$WFII0OdwLdo7n69DY3I47uOXMFgBdiNZwhgPD/Rdf9aGPK0srTE8O', 8, '57299221400171', '2007-07-03', 'male', 'cjfs', 'dtqi', '37524000637', 0, '0000-00-00 00:00:00', '0000-00-00 00:00:00'),
(14, 'Jovani', 'Koss', 'stacy.nitzsche@gmail.com', '(928)699-8191x7', '$2y$10$soOTu2XsEulpgv6uLnfK0ObUbRf6mBv5IIaSpc1udLy4qA27ZfpCi', 2, '359887707978487', '1974-07-31', 'male', 'yeuc', 'wzdh', '94922435536', 1, '0000-00-00 00:00:00', '0000-00-00 00:00:00'),
(15, 'Lori', 'Langosh', 'sstracke@waters.com', '432.485.0689', '$2y$10$OAzyHdH/IvvlonmWUrxD4eyrqFTX8t.b/F4ljeq6BKlhnJpRm.XqS', 7, '985860434826463', '1977-04-24', 'male', 'gkux', 'ifwt', '9219783968', 0, '0000-00-00 00:00:00', '0000-00-00 00:00:00'),
(16, 'Buddy', 'Yundt', 'mary78@gmail.com', '635.864.0714x29', '$2y$10$0jcUPKeDAVWa6JP0HDuIyO/idxgR4tScWVSXP4J1c1E14w0aX61uy', 3, '885751356836408', '1998-03-16', 'male', 'wobz', 'tnvm', '91979495176', 1, '0000-00-00 00:00:00', '0000-00-00 00:00:00'),
(17, 'Kyle', 'Emard', 'lynch.clemmie@metz.com', '1-224-911-0445x', '$2y$10$FMypZefX4zCDCCcB72rL2efAgPkfJiRguBuzheaFFo9BdCCEKsW/u', 4, '625676731579005', '1985-06-06', 'male', 'hast', 'dzwr', '36244401687', 0, '0000-00-00 00:00:00', '0000-00-00 00:00:00'),
(18, 'Katrine', 'Yost', 'osinski.kathryne@adamsrau.com', '(203)833-7377x7', '$2y$10$T8HWwVSc4X1XBZi7c4prme5XfAjopg1ZZ5EloMczxS8chX/chVZWC', 6, '659758262801915', '1972-08-15', 'male', 'kbns', 'zisx', '16846661838', 0, '0000-00-00 00:00:00', '0000-00-00 00:00:00'),
(19, 'Constance', 'Beer', 'madisyn.gutmann@gmail.com', '571.874.9912', '$2y$10$1Y7ANnvwkkLFI4e5/CB5JOWNLez9Y84Ojb/SZxBeA.qcXOL3eCO4u', 4, '838896178640425', '1999-07-15', 'male', 'nxbc', 'hshm', '77572606518', 1, '0000-00-00 00:00:00', '0000-00-00 00:00:00'),
(20, 'Dolores', 'Jewess', 'toni.kunze@gmail.com', '008-868-3835', '$2y$10$AlYmmm1VpksaReskj4dgkeVhqvXaXzqnIsCAZNOsedoZ/aYa0A06q', 5, '228190665598958', '1983-08-06', 'male', 'taam', 'cuwn', '80276628379', 0, '0000-00-00 00:00:00', '0000-00-00 00:00:00'),
(21, 'Corbin', 'Fisher', 'titus67@hotmail.com', '204.742.8609x78', '$2y$10$NH4Zh0XivZlkHdR6XoF2B.i236rH7o2rab/36x6YkxInt6H..XUtG', 5, '492050357162952', '1981-04-23', 'male', 'dlsh', 'wtie', '56861240187', 0, '0000-00-00 00:00:00', '0000-00-00 00:00:00'),
(22, 'Ava', 'Rath', 'dalton.mohr@hickle.com', '370.400.3970', '$2y$10$1KFENi33MjTrc65ID.gVk.YKiAEuo68bcJAPcdBskofvCjV3njVw2', 1, '278622759040445', '1980-04-12', 'male', 'opxt', 'zyex', '53776267244', 0, '0000-00-00 00:00:00', '0000-00-00 00:00:00'),
(23, 'Brayan', 'Paucek', 'horacio.koelpin@yahoo.com', '357-565-7973', '$2y$10$TDpC2Pkc8KHESvjtf3iyA.ZJxxH5sFGAHYNBV6VqlTo.Nm3cOe9nu', 8, '97630280535668', '2005-08-03', 'male', 'huax', 'cohc', '84154564739', 0, '0000-00-00 00:00:00', '0000-00-00 00:00:00'),
(24, 'Evie', 'Keebler', 'sauer.santino@gmail.com', '818.733.8006x51', '$2y$10$VPkylsAY3pNgXpnCTxUmqeCevMujw4JWJnjiO0BIgg3/ooa3aXaWm', 3, '385938766878098', '2000-03-19', 'male', 'bjps', 'kcoz', '37699047111', 1, '0000-00-00 00:00:00', '0000-00-00 00:00:00'),
(25, 'Lorna', 'Swaniawski', 'dolly.haley@hoppe.com', '1-719-207-7210x', '$2y$10$93qJpYgwQi3aw0d7j2YqJO1zdoS1z9WYDEITJ1u1uSVAqnkVnOPAO', 8, '612384083215147', '2002-08-01', 'male', 'xmgm', 'ngzi', '15889689500', 0, '0000-00-00 00:00:00', '0000-00-00 00:00:00'),
(26, 'Boris', 'Brown', 'lakin.colin@hotmail.com', '1-086-325-0314x', '$2y$10$pxNRoM966xFezNPTH.l.qedfXpnm5Z0HJB9k8NUUUHrP4Mi/d/Xzm', 1, '774599070195108', '1978-12-04', 'male', 'ryvi', 'jxzw', '52427906829', 1, '0000-00-00 00:00:00', '0000-00-00 00:00:00'),
(27, 'Jayce', 'Jast', 'jena73@padberg.info', '(240)365-7963x1', '$2y$10$kmC2YJlDMJpnP2hNNZcj7eY1wk.J6LwdoJQqEfW//7BGlfwjnkc4W', 4, '907127263955771', '1973-06-20', 'male', 'siaa', 'phzb', '58132083023', 1, '0000-00-00 00:00:00', '0000-00-00 00:00:00'),
(28, 'Ellie', 'Collins', 'cyrus36@denesik.org', '1-354-555-3513x', '$2y$10$8s25/PJOufo90uUI2IR3F.jzOPg8FFEFfcIDaNQ3GHJ8MBp3plWMy', 5, '384147062432020', '1997-06-08', 'male', 'lrmd', 'dtaa', '31444366479', 0, '0000-00-00 00:00:00', '0000-00-00 00:00:00'),
(29, 'Laverna', 'Krajcik', 'petra.upton@gmail.com', '158-618-2231', '$2y$10$k82d240vm2FKFoEmh.Mma.6Ke/WLo7tW1FMU98scBT87kAHw1PJju', 4, '166711533907800', '1977-04-07', 'male', 'vvik', 'ozba', '9109594708', 0, '0000-00-00 00:00:00', '0000-00-00 00:00:00'),
(30, 'Ephraim', 'Nikolaus', 'rath.wilber@swaniawskirodriguez.com', '1-205-004-7070x', '$2y$10$o1M6SeRecouNXWaRyZC5h./5LCsU3f4Rp3PeTN1WpdeI9BuKoQV7y', 5, '404973582830280', '1998-10-12', 'male', 'qkou', 'rhip', '11700292276', 1, '0000-00-00 00:00:00', '0000-00-00 00:00:00'),
(31, 'Tania', 'Jewess', 'darrion90@hackett.com', '034.511.7018x42', '$2y$10$cOTN8YNWB4a4clG1MW40beWFPa6mdTOIHUQWykkaFpYiUtq3Oa9bG', 8, '354009796865284', '1995-08-12', 'male', 'pyes', 'pdkx', '44918269051', 1, '0000-00-00 00:00:00', '0000-00-00 00:00:00'),
(32, 'Cordia', 'Pacocha', 'dach.ciara@collier.com', '1-863-008-5311', '$2y$10$4OKAm9rjz4c1UQsPGToybudfEf5kQncI0kE6MrdZONOuL0tIvjEXq', 6, '841822848655283', '2002-06-24', 'male', 'vuqq', 'pwbu', '22777653091', 0, '0000-00-00 00:00:00', '0000-00-00 00:00:00'),
(33, 'Dan', 'Kutch', 'olson.dorthy@thiel.biz', '+60(1)795279615', '$2y$10$NOqKbqCprei8s5jsYlrgmOSA9DfMq4ilwHRPWEuTZmLqcIhRjqdYW', 9, '816590878646820', '1978-06-26', 'male', 'mqfn', 'scrv', '70711393410', 1, '0000-00-00 00:00:00', '0000-00-00 00:00:00'),
(34, 'Dell', 'Gorczany', 'parisian.neha@wuckert.com', '1-490-554-1381', '$2y$10$IVIjvP3z.TtmVlEb23ze/.9IHYACsOhZTN/TGcz2KW9mvIdJf/Hmu', 9, '106750303879380', '1980-02-25', 'male', 'sfpb', 'kybo', '44210447736', 0, '0000-00-00 00:00:00', '0000-00-00 00:00:00'),
(35, 'Dameon', 'Fisher', 'raven.mosciski@robertsbartoletti.com', '113-855-9737x86', '$2y$10$T68r8OYWX.5Pl9vKMtRBSOaIIp17RJSBdX6GoYXdQPEOYDVHCw0nO', 2, '271200847811996', '1994-02-08', 'male', 'gnsc', 'niyu', '66814270041', 1, '0000-00-00 00:00:00', '0000-00-00 00:00:00'),
(36, 'Retta', 'Feil', 'bhills@damore.com', '557.940.2583', '$2y$10$vA8G9FdWow8ppchP.HjQseAt83684iXkwckHQ4H/7.8whaMq6ADO2', 7, '933581699151545', '2014-08-17', 'male', 'tgst', 'fnup', '44620446711', 1, '0000-00-00 00:00:00', '0000-00-00 00:00:00'),
(37, 'Dannie', 'Reynolds', 'hjones@hotmail.com', '949-558-3887x09', '$2y$10$pJPEDUujKoc5Ib4GjQiZyOL.8GNdTe43APMnmouGWGW/M0B25iKQS', 7, '510608727578073', '2000-09-20', 'male', 'rpfq', 'gftt', '25324051859', 1, '0000-00-00 00:00:00', '0000-00-00 00:00:00'),
(38, 'Howell', 'Baumbach', 'zoila92@gmail.com', '344.733.4409x37', '$2y$10$LH1H.3w1OdnQg7LAvp5Z1u/MF8VB4mZEKuBJJF2elIJinr62Q7yoa', 8, '888597052078694', '1979-07-10', 'male', 'luqp', 'pplq', '87741435670', 1, '0000-00-00 00:00:00', '0000-00-00 00:00:00'),
(39, 'Wanda', 'Corkery', 'tgibson@hotmail.com', '279.958.1882', '$2y$10$aeqqKrFGdALzfbWXXGfGNOg/J3Fpo2k.8zlqeSCXa6tiEAhW/3WT2', 3, '300283556804060', '1978-08-27', 'male', 'cjob', 'osyf', '69751087994', 0, '0000-00-00 00:00:00', '0000-00-00 00:00:00'),
(40, 'Johnnie', 'Blanda', 'mbaumbach@wisozk.com', '964.702.7263', '$2y$10$rAZbQdsuN7UFXSjwxbDmZ.acxjIWDXa/GoxnfMtwUcEHI7z8wG22e', 9, '442711449693888', '1982-04-01', 'male', 'zjjg', 'rgvi', '18578619197', 0, '0000-00-00 00:00:00', '0000-00-00 00:00:00');

-- --------------------------------------------------------

--
-- Table structure for table `Venues`
--

CREATE TABLE IF NOT EXISTS `Venues` (
  `venue_id` int(10) unsigned NOT NULL AUTO_INCREMENT,
  `venue` varchar(50) COLLATE utf8_unicode_ci NOT NULL,
  `venue_location` int(11) NOT NULL,
  `venue_locality` varchar(50) COLLATE utf8_unicode_ci DEFAULT NULL,
  `venue_address` varchar(255) COLLATE utf8_unicode_ci NOT NULL,
  `venue_landmark` varchar(50) COLLATE utf8_unicode_ci DEFAULT NULL,
  `venue_pincode` varchar(10) COLLATE utf8_unicode_ci NOT NULL,
  `venue_contact_no` varchar(10) COLLATE utf8_unicode_ci NOT NULL,
  `venue_institute_id` int(11) NOT NULL,
  `venue_latitude` varchar(50) COLLATE utf8_unicode_ci DEFAULT NULL,
  `venue_longitude` varchar(50) COLLATE utf8_unicode_ci DEFAULT NULL,
  `created_at` timestamp NOT NULL DEFAULT '0000-00-00 00:00:00',
  `updated_at` timestamp NOT NULL DEFAULT '0000-00-00 00:00:00',
  PRIMARY KEY (`venue_id`)
) ENGINE=InnoDB  DEFAULT CHARSET=utf8 COLLATE=utf8_unicode_ci AUTO_INCREMENT=21 ;

--
-- Dumping data for table `Venues`
--

INSERT INTO `Venues` (`venue_id`, `venue`, `venue_location`, `venue_locality`, `venue_address`, `venue_landmark`, `venue_pincode`, `venue_contact_no`, `venue_institute_id`, `venue_latitude`, `venue_longitude`, `created_at`, `updated_at`) VALUES
(1, 'Mariano Williamson', 1, 'Eugenia Landing', '475 Audreanne Course\nLake Linda\nAV2 4JU', NULL, 'U7F 6CW', '948.394.36', 7, '38.788099', '-10.544994', '0000-00-00 00:00:00', '0000-00-00 00:00:00'),
(2, 'Elta Treutel', 8, 'Kiehn Stream', 'Studio 07\nTod Hill\nKoelpinstad\nP8 6EM', NULL, 'J58 2RL', '1-783-667-', 1, '29.123452', '172.152063', '0000-00-00 00:00:00', '0000-00-00 00:00:00'),
(3, 'Denis Blick', 5, 'Aliza Ford', 'Flat 98y\nNelle Lodge\nUptonstad\nF8P 4RH', NULL, 'GY61 9ZV', '060-990-47', 7, '21.171656', '31.637021', '0000-00-00 00:00:00', '0000-00-00 00:00:00'),
(4, 'Miss Crystal Stiedemann', 2, 'Franecki Hollow', '533 Kassulke Parkways\nChristiansenbury\nY6O 1QA', NULL, 'NC0E 4XY', '900-212-26', 8, '5.752766', '-55.257153', '0000-00-00 00:00:00', '0000-00-00 00:00:00'),
(5, 'Carley Bogan', 1, 'Chelsea Run', '20 Rory Cliff\nSchummborough\nU2 5DF', NULL, 'K32 6CO', '140-323-79', 3, '-59.420646', '-14.604724', '0000-00-00 00:00:00', '0000-00-00 00:00:00'),
(6, 'Daphney Franecki DDS', 1, 'Wolff Port', '7 Von Forges\nElliotbury\nG1 2KR', NULL, 'H02 6LM', '382-094-57', 8, '-24.704942', '131.837858', '0000-00-00 00:00:00', '0000-00-00 00:00:00'),
(7, 'Howard Boyer', 1, 'Christiansen Green', '546 Opal Manors\nLake Kade\nI55 6FR', NULL, 'CD72 9QS', '981-777-74', 9, '-51.842790', '85.746382', '0000-00-00 00:00:00', '0000-00-00 00:00:00'),
(8, 'Dr. Doris Murray DVM', 4, 'O''Connell Squares', 'Studio 19\nMurray Falls\nLake Kaileymouth\nAE7C 4IQ', NULL, 'Q03 9MI', '0949915137', 5, '66.384151', '172.944948', '0000-00-00 00:00:00', '0000-00-00 00:00:00'),
(9, 'Stephanie Stamm', 5, 'Huels Forge', '0 Casper Squares\nSouth Casimirmouth\nWT0 3BG', NULL, 'VP6 5YP', '(325)686-6', 9, '48.500305', '100.347073', '0000-00-00 00:00:00', '0000-00-00 00:00:00'),
(10, 'Jace Greenholt', 1, 'Tiffany Meadows', '88 D''Amore Road\nLake Kamronfurt\nGS03 5ZG', NULL, 'T9 0PG', '142.276.36', 3, '45.582773', '94.609150', '0000-00-00 00:00:00', '0000-00-00 00:00:00'),
(11, 'Terry Stanton', 6, 'McDermott Shoals', '0 Hazel Ways\nLake Natasha\nN5 8FL', NULL, 'Q02 4ZV', '(564)410-6', 8, '56.886113', '-22.730354', '0000-00-00 00:00:00', '0000-00-00 00:00:00'),
(12, 'Jarod Dibbert', 1, 'Conroy Parkway', '86 Jast Crossroad\nWolffland\nKE7 7RV', NULL, 'P0X 7AI', '327.529.05', 1, '-58.127363', '-147.994079', '0000-00-00 00:00:00', '0000-00-00 00:00:00'),
(13, 'Dortha Harber', 9, 'Moore Springs', 'Flat 12n\nTorp Crossing\nNorth Jonathon\nZ08 4AI', NULL, 'AG9A 0SJ', '878-154-77', 8, '-73.665308', '-171.133585', '0000-00-00 00:00:00', '0000-00-00 00:00:00'),
(14, 'Zachariah Schroeder I', 9, 'Karlee Ville', 'Flat 06p\nJosh Isle\nEast Wilsonport\nP86 3ZF', NULL, 'FU0 6SJ', '1-173-590-', 7, '-40.760061', '164.047268', '0000-00-00 00:00:00', '0000-00-00 00:00:00'),
(15, 'Gregory Jast', 7, 'Hermiston Ramp', '985 Alvah Walk\nTitusland\nI2 0JT', NULL, 'Z7 0LH', '829.069.35', 4, '-83.820105', '-22.816636', '0000-00-00 00:00:00', '0000-00-00 00:00:00'),
(16, 'Pansy Wolf I', 6, 'Becker Ways', '53 Ollie Track\nWest Danny\nLK9 9RH', NULL, 'V9 9WU', '464-519-60', 9, '50.185649', '120.874007', '0000-00-00 00:00:00', '0000-00-00 00:00:00'),
(17, 'Kaleigh Jakubowski', 4, 'Clyde Extension', '0 Felipe Fords\nO''Connellfort\nMB4R 5FV', NULL, 'P92 1XZ', '1-559-945-', 8, '60.917170', '-153.300053', '0000-00-00 00:00:00', '0000-00-00 00:00:00'),
(18, 'Zoila Reinger', 8, 'Ruecker Extensions', 'Flat 28\nIsom Oval\nEast Lyla\nCC0 9ZG', NULL, 'U5Q 0YU', '0398103452', 1, '-61.809165', '170.445299', '0000-00-00 00:00:00', '0000-00-00 00:00:00'),
(19, 'Nick Turner', 5, 'Langosh Forges', 'Flat 92\nCharlie Branch\nRodriguezland\nPP36 0CY', NULL, 'X7O 3PU', '1-809-771-', 3, '60.690075', '-26.537964', '0000-00-00 00:00:00', '0000-00-00 00:00:00'),
(20, 'Elliott Shanahan', 9, 'Schultz Islands', '1 Mariano Fields\nLake Estelstad\nJ9F 3OU', NULL, 'HC6 3XT', '223-966-07', 8, '-29.850101', '33.099086', '0000-00-00 00:00:00', '0000-00-00 00:00:00');

/*!40101 SET CHARACTER_SET_CLIENT=@OLD_CHARACTER_SET_CLIENT */;
/*!40101 SET CHARACTER_SET_RESULTS=@OLD_CHARACTER_SET_RESULTS */;
/*!40101 SET COLLATION_CONNECTION=@OLD_COLLATION_CONNECTION */;
