-- phpMyAdmin SQL Dump
-- version 4.0.10deb1
-- http://www.phpmyadmin.net
--
-- Host: localhost:80
-- Generation Time: Dec 18, 2014 at 09:58 PM
-- Server version: 5.5.40-0ubuntu0.14.04.1
-- PHP Version: 5.5.9-1ubuntu4.5

SET SQL_MODE = "NO_AUTO_VALUE_ON_ZERO";
SET time_zone = "+00:00";


/*!40101 SET @OLD_CHARACTER_SET_CLIENT=@@CHARACTER_SET_CLIENT */;
/*!40101 SET @OLD_CHARACTER_SET_RESULTS=@@CHARACTER_SET_RESULTS */;
/*!40101 SET @OLD_COLLATION_CONNECTION=@@COLLATION_CONNECTION */;
/*!40101 SET NAMES utf8 */;

--
-- Database: `hobby`
--

-- --------------------------------------------------------

--
-- Table structure for table `Batches`
--

CREATE TABLE IF NOT EXISTS `Batches` (
  `batch_id` int(10) unsigned NOT NULL AUTO_INCREMENT,
  `batch_title` varchar(50) COLLATE utf8_unicode_ci NOT NULL,
  `batch_category_id` int(11) NOT NULL,
  `batch_subcategory_id` int(11) NOT NULL,
  `batch_accomplishment` longtext COLLATE utf8_unicode_ci,
  `batch_institute_id` int(11) NOT NULL,
  `batch_start_date` date NOT NULL,
  `batch_end_date` date NOT NULL,
  `batch_start_time` time NOT NULL,
  `batch_end_time` time NOT NULL,
  `batch_venue_id` int(11) NOT NULL,
  `batch_difficulty_level` int(11) NOT NULL,
  `batch_age_group` int(11) NOT NULL,
  `batch_gender_group` int(11) NOT NULL,
  `batch_price` int(11) NOT NULL,
  `batch_recurring` tinyint(1) NOT NULL,
  `batch_approved` tinyint(1) NOT NULL,
  `batch_no_of_classes_in_week` int(11) NOT NULL,
  `batch_trial` int(11) NOT NULL,
  `batch_comment` varchar(255) COLLATE utf8_unicode_ci DEFAULT NULL,
  `batch_tagline` varchar(40) COLLATE utf8_unicode_ci DEFAULT NULL,
  `created_at` timestamp NOT NULL DEFAULT '0000-00-00 00:00:00',
  `updated_at` timestamp NOT NULL DEFAULT '0000-00-00 00:00:00',
  PRIMARY KEY (`batch_id`)
) ENGINE=InnoDB  DEFAULT CHARSET=utf8 COLLATE=utf8_unicode_ci AUTO_INCREMENT=21 ;

--
-- Dumping data for table `Batches`
--

INSERT INTO `Batches` (`batch_id`, `batch_title`, `batch_category_id`, `batch_subcategory_id`, `batch_accomplishment`, `batch_institute_id`, `batch_start_date`, `batch_end_date`, `batch_start_time`, `batch_end_time`, `batch_venue_id`, `batch_difficulty_level`, `batch_age_group`, `batch_gender_group`, `batch_price`, `batch_recurring`, `batch_approved`, `batch_no_of_classes_in_week`, `batch_trial`, `batch_comment`, `batch_tagline`, `created_at`, `updated_at`) VALUES
(1, 'Mrs. Arnulfo Schmeler', 8, 11, '<p>Non aut sunt dolor possimus quia sunt. Aut numquam quidem sed perferendis voluptatem corrupti.<p>', 8, '1984-01-02', '1989-05-21', '02:11:38', '20:00:48', 9, 1, 2, 1, 3500, 1, 0, 7, 4, 'lyux', 'uxhk', '0000-00-00 00:00:00', '0000-00-00 00:00:00'),
(2, 'Durward Champlin', 1, 17, '<p>Sit quis et mollitia eum quidem.<p>', 13, '1984-11-15', '1992-01-22', '20:23:29', '14:29:19', 5, 4, 2, 2, 3935, 1, 0, 4, 3, 'mwss', 'uftk', '0000-00-00 00:00:00', '0000-00-00 00:00:00'),
(3, 'Jaren Bosco', 2, 10, '<p>Quo dolore voluptates nam eveniet quia alias.<p>', 13, '1986-11-21', '1971-10-22', '05:04:58', '14:08:11', 4, 2, 2, 0, 4249, 0, 0, 1, 4, 'qiep', 'yofg', '0000-00-00 00:00:00', '0000-00-00 00:00:00'),
(4, 'Mr. Barbara Willms', 5, 20, '<p>Sed nisi ut nobis possimus vel earum.<p>', 19, '1992-11-30', '2009-04-05', '13:58:03', '06:39:00', 8, 2, 0, 0, 1977, 0, 0, 1, 0, 'irvp', 'yxmi', '0000-00-00 00:00:00', '0000-00-00 00:00:00'),
(5, 'Abbie Witting', 7, 16, '<p>Laudantium recusandae fugiat in sit.<p>', 20, '1983-02-27', '1971-06-27', '09:29:06', '07:54:03', 8, 1, 0, 2, 3023, 0, 1, 7, 0, 'hegv', 'dqge', '0000-00-00 00:00:00', '0000-00-00 00:00:00'),
(6, 'Milton Boyer', 4, 8, '<p>Autem a error a aliquam.<p>', 9, '1995-04-01', '1992-04-12', '07:20:59', '10:48:41', 9, 4, 1, 2, 1073, 1, 0, 3, 4, 'mxfq', 'mzao', '0000-00-00 00:00:00', '0000-00-00 00:00:00'),
(7, 'Mr. Kennedi Ullrich', 4, 4, '<p>Cupiditate quam voluptates ab voluptas aut. Consequuntur dolorum rem unde voluptatem.<p>', 19, '1990-02-22', '2010-11-18', '03:46:42', '00:28:46', 8, 1, 1, 2, 2570, 1, 0, 1, 0, 'crss', 'kmoz', '0000-00-00 00:00:00', '0000-00-00 00:00:00'),
(8, 'Reilly Goodwin', 5, 5, '<p>Architecto in quis nihil sunt consequatur rerum.<p>', 12, '1998-09-20', '2008-02-18', '12:12:43', '11:16:00', 19, 1, 0, 1, 4810, 0, 0, 3, 3, 'ukgf', 'jnwm', '0000-00-00 00:00:00', '0000-00-00 00:00:00'),
(9, 'Myrl Beahan', 3, 9, '<p>Officiis consequatur quia itaque et.<p>', 18, '1971-08-10', '2001-08-29', '22:27:27', '20:29:43', 10, 1, 1, 1, 3018, 1, 1, 6, 0, 'rnwa', 'abal', '0000-00-00 00:00:00', '0000-00-00 00:00:00'),
(10, 'Kira Sawayn', 9, 13, '<p>Quia ea est explicabo expedita modi vel quo aut. Numquam quod impedit nihil in.<p>', 9, '2010-07-06', '1988-09-01', '11:53:49', '09:41:55', 13, 1, 2, 1, 3990, 1, 0, 5, 4, 'xdvm', 'ytzk', '0000-00-00 00:00:00', '0000-00-00 00:00:00'),
(11, 'Christopher Ziemann', 9, 10, '<p>Qui fuga architecto ut culpa blanditiis. Optio illo recusandae eum aut nisi.<p>', 16, '2005-10-14', '1975-10-17', '08:03:01', '15:36:57', 5, 3, 0, 2, 3623, 0, 1, 7, 3, 'scoc', 'hdwl', '0000-00-00 00:00:00', '0000-00-00 00:00:00'),
(12, 'Savannah Rutherford', 9, 18, '<p>Et quae est iste eos.<p>', 7, '1982-11-29', '2005-03-11', '06:15:12', '18:22:52', 10, 1, 0, 1, 3295, 1, 0, 2, 4, 'zoak', 'pdcm', '0000-00-00 00:00:00', '0000-00-00 00:00:00'),
(13, 'Mr. Kaela Sawayn MD', 6, 7, '<p>Qui optio voluptas ex delectus dolorem qui fugit nulla.<p>', 14, '1976-09-03', '2008-07-04', '12:59:36', '15:55:56', 7, 2, 2, 1, 1928, 0, 1, 6, 1, 'jhby', 'hkyp', '0000-00-00 00:00:00', '0000-00-00 00:00:00'),
(14, 'Ms. Reggie Abbott', 5, 10, '<p>Facilis ex quia ipsa laboriosam omnis rerum. Qui nisi laudantium ut in rem.<p>', 4, '1997-06-07', '2011-07-08', '00:22:19', '16:58:00', 10, 4, 0, 0, 2304, 1, 1, 4, 1, 'yjrf', 'vbzl', '0000-00-00 00:00:00', '0000-00-00 00:00:00'),
(15, 'Matilde Lebsack', 6, 11, '<p>Nesciunt omnis saepe ducimus.<p>', 9, '1972-12-13', '1999-10-29', '14:37:16', '16:35:54', 15, 1, 2, 1, 2293, 1, 1, 7, 3, 'bhur', 'ermx', '0000-00-00 00:00:00', '0000-00-00 00:00:00'),
(16, 'Golden Abbott II', 7, 2, '<p>Sequi sed et ea cupiditate at velit ut placeat.<p>', 15, '1994-11-18', '1991-09-10', '19:40:08', '08:15:50', 8, 4, 1, 2, 2542, 0, 1, 1, 0, 'novo', 'ppaz', '0000-00-00 00:00:00', '0000-00-00 00:00:00'),
(17, 'Charlotte Kassulke', 4, 11, '<p>Quam omnis nulla natus expedita. Sunt magnam sed delectus repellendus.<p>', 11, '2002-06-24', '1984-09-12', '23:56:11', '12:40:19', 4, 3, 0, 1, 2064, 0, 0, 1, 0, 'jgzk', 'nybi', '0000-00-00 00:00:00', '0000-00-00 00:00:00'),
(18, 'Mr. Danial Walker DVM', 2, 10, '<p>Perferendis dicta sequi qui.<p>', 17, '2014-02-16', '2008-07-03', '18:58:58', '08:41:03', 3, 1, 2, 0, 4415, 1, 1, 6, 1, 'mzhm', 'rivq', '0000-00-00 00:00:00', '0000-00-00 00:00:00'),
(19, 'Felicia Dickinson', 4, 6, '<p>Harum laboriosam corporis omnis quos.<p>', 17, '1986-05-10', '1989-12-02', '17:13:11', '09:10:20', 20, 2, 2, 1, 3073, 0, 1, 2, 1, 'agwb', 'swcu', '0000-00-00 00:00:00', '0000-00-00 00:00:00'),
(20, 'Vivian Crona', 5, 1, '<p>Reiciendis dolor natus neque.<p>', 4, '2006-10-21', '1994-04-05', '14:06:51', '19:13:42', 20, 1, 1, 0, 3573, 0, 1, 7, 0, 'gonk', 'jsfr', '0000-00-00 00:00:00', '0000-00-00 00:00:00');

-- --------------------------------------------------------

--
-- Table structure for table `Batch_Keyword`
--

CREATE TABLE IF NOT EXISTS `Batch_Keyword` (
  `batch_keyword_id` int(10) unsigned NOT NULL AUTO_INCREMENT,
  `batch_id` int(11) NOT NULL,
  `keyword_id` int(11) NOT NULL,
  `created_at` timestamp NOT NULL DEFAULT '0000-00-00 00:00:00',
  `updated_at` timestamp NOT NULL DEFAULT '0000-00-00 00:00:00',
  PRIMARY KEY (`batch_keyword_id`)
) ENGINE=InnoDB  DEFAULT CHARSET=utf8 COLLATE=utf8_unicode_ci AUTO_INCREMENT=21 ;

--
-- Dumping data for table `Batch_Keyword`
--

INSERT INTO `Batch_Keyword` (`batch_keyword_id`, `batch_id`, `keyword_id`, `created_at`, `updated_at`) VALUES
(1, 20, 6, '0000-00-00 00:00:00', '0000-00-00 00:00:00'),
(2, 19, 7, '0000-00-00 00:00:00', '0000-00-00 00:00:00'),
(3, 2, 20, '0000-00-00 00:00:00', '0000-00-00 00:00:00'),
(4, 18, 1, '0000-00-00 00:00:00', '0000-00-00 00:00:00'),
(5, 13, 15, '0000-00-00 00:00:00', '0000-00-00 00:00:00'),
(6, 7, 15, '0000-00-00 00:00:00', '0000-00-00 00:00:00'),
(7, 15, 2, '0000-00-00 00:00:00', '0000-00-00 00:00:00'),
(8, 14, 9, '0000-00-00 00:00:00', '0000-00-00 00:00:00'),
(9, 14, 9, '0000-00-00 00:00:00', '0000-00-00 00:00:00'),
(10, 11, 16, '0000-00-00 00:00:00', '0000-00-00 00:00:00'),
(11, 12, 15, '0000-00-00 00:00:00', '0000-00-00 00:00:00'),
(12, 18, 3, '0000-00-00 00:00:00', '0000-00-00 00:00:00'),
(13, 7, 12, '0000-00-00 00:00:00', '0000-00-00 00:00:00'),
(14, 12, 3, '0000-00-00 00:00:00', '0000-00-00 00:00:00'),
(15, 14, 13, '0000-00-00 00:00:00', '0000-00-00 00:00:00'),
(16, 7, 17, '0000-00-00 00:00:00', '0000-00-00 00:00:00'),
(17, 17, 18, '0000-00-00 00:00:00', '0000-00-00 00:00:00'),
(18, 5, 16, '0000-00-00 00:00:00', '0000-00-00 00:00:00'),
(19, 11, 19, '0000-00-00 00:00:00', '0000-00-00 00:00:00'),
(20, 14, 16, '0000-00-00 00:00:00', '0000-00-00 00:00:00');

-- --------------------------------------------------------

--
-- Table structure for table `Batch_Photo`
--

CREATE TABLE IF NOT EXISTS `Batch_Photo` (
  `batch_photo_id` int(10) unsigned NOT NULL AUTO_INCREMENT,
  `batch_id` int(11) NOT NULL,
  `photo_id` int(11) NOT NULL,
  `created_at` timestamp NOT NULL DEFAULT '0000-00-00 00:00:00',
  `updated_at` timestamp NOT NULL DEFAULT '0000-00-00 00:00:00',
  PRIMARY KEY (`batch_photo_id`)
) ENGINE=InnoDB  DEFAULT CHARSET=utf8 COLLATE=utf8_unicode_ci AUTO_INCREMENT=31 ;

--
-- Dumping data for table `Batch_Photo`
--

INSERT INTO `Batch_Photo` (`batch_photo_id`, `batch_id`, `photo_id`, `created_at`, `updated_at`) VALUES
(1, 8, 24, '0000-00-00 00:00:00', '0000-00-00 00:00:00'),
(2, 6, 19, '0000-00-00 00:00:00', '0000-00-00 00:00:00'),
(3, 5, 42, '0000-00-00 00:00:00', '0000-00-00 00:00:00'),
(4, 3, 43, '0000-00-00 00:00:00', '0000-00-00 00:00:00'),
(5, 3, 46, '0000-00-00 00:00:00', '0000-00-00 00:00:00'),
(6, 3, 41, '0000-00-00 00:00:00', '0000-00-00 00:00:00'),
(7, 2, 35, '0000-00-00 00:00:00', '0000-00-00 00:00:00'),
(8, 5, 38, '0000-00-00 00:00:00', '0000-00-00 00:00:00'),
(9, 1, 13, '0000-00-00 00:00:00', '0000-00-00 00:00:00'),
(10, 3, 30, '0000-00-00 00:00:00', '0000-00-00 00:00:00'),
(11, 1, 16, '0000-00-00 00:00:00', '0000-00-00 00:00:00'),
(12, 4, 3, '0000-00-00 00:00:00', '0000-00-00 00:00:00'),
(13, 3, 25, '0000-00-00 00:00:00', '0000-00-00 00:00:00'),
(14, 8, 47, '0000-00-00 00:00:00', '0000-00-00 00:00:00'),
(15, 2, 15, '0000-00-00 00:00:00', '0000-00-00 00:00:00'),
(16, 1, 8, '0000-00-00 00:00:00', '0000-00-00 00:00:00'),
(17, 9, 22, '0000-00-00 00:00:00', '0000-00-00 00:00:00'),
(18, 7, 2, '0000-00-00 00:00:00', '0000-00-00 00:00:00'),
(19, 8, 7, '0000-00-00 00:00:00', '0000-00-00 00:00:00'),
(20, 7, 49, '0000-00-00 00:00:00', '0000-00-00 00:00:00'),
(21, 2, 4, '0000-00-00 00:00:00', '0000-00-00 00:00:00'),
(22, 4, 39, '0000-00-00 00:00:00', '0000-00-00 00:00:00'),
(23, 4, 20, '0000-00-00 00:00:00', '0000-00-00 00:00:00'),
(24, 5, 34, '0000-00-00 00:00:00', '0000-00-00 00:00:00'),
(25, 3, 37, '0000-00-00 00:00:00', '0000-00-00 00:00:00'),
(26, 6, 5, '0000-00-00 00:00:00', '0000-00-00 00:00:00'),
(27, 5, 26, '0000-00-00 00:00:00', '0000-00-00 00:00:00'),
(28, 9, 11, '0000-00-00 00:00:00', '0000-00-00 00:00:00'),
(29, 1, 36, '0000-00-00 00:00:00', '0000-00-00 00:00:00'),
(30, 1, 12, '0000-00-00 00:00:00', '0000-00-00 00:00:00');

-- --------------------------------------------------------

--
-- Table structure for table `Categories`
--

CREATE TABLE IF NOT EXISTS `Categories` (
  `category_id` int(10) unsigned NOT NULL AUTO_INCREMENT,
  `category` varchar(50) COLLATE utf8_unicode_ci NOT NULL,
  `created_at` timestamp NOT NULL DEFAULT '0000-00-00 00:00:00',
  `updated_at` timestamp NOT NULL DEFAULT '0000-00-00 00:00:00',
  PRIMARY KEY (`category_id`)
) ENGINE=InnoDB  DEFAULT CHARSET=utf8 COLLATE=utf8_unicode_ci AUTO_INCREMENT=11 ;

--
-- Dumping data for table `Categories`
--

INSERT INTO `Categories` (`category_id`, `category`, `created_at`, `updated_at`) VALUES
(1, 'Art & Craft', '0000-00-00 00:00:00', '0000-00-00 00:00:00'),
(2, 'Cooking', '0000-00-00 00:00:00', '0000-00-00 00:00:00'),
(3, 'Dance', '0000-00-00 00:00:00', '0000-00-00 00:00:00'),
(4, 'Education', '0000-00-00 00:00:00', '0000-00-00 00:00:00'),
(5, 'Fitness', '0000-00-00 00:00:00', '0000-00-00 00:00:00'),
(6, 'Media', '0000-00-00 00:00:00', '0000-00-00 00:00:00'),
(7, 'Music', '0000-00-00 00:00:00', '0000-00-00 00:00:00'),
(8, 'Professional', '0000-00-00 00:00:00', '0000-00-00 00:00:00'),
(9, 'Sports', '0000-00-00 00:00:00', '0000-00-00 00:00:00'),
(10, 'Technology', '0000-00-00 00:00:00', '0000-00-00 00:00:00');

-- --------------------------------------------------------

--
-- Table structure for table `Category_Institute`
--

CREATE TABLE IF NOT EXISTS `Category_Institute` (
  `category_institute_id` int(10) unsigned NOT NULL AUTO_INCREMENT,
  `category_id` int(11) NOT NULL,
  `institute_id` int(11) NOT NULL,
  `created_at` timestamp NOT NULL DEFAULT '0000-00-00 00:00:00',
  `updated_at` timestamp NOT NULL DEFAULT '0000-00-00 00:00:00',
  PRIMARY KEY (`category_institute_id`)
) ENGINE=InnoDB  DEFAULT CHARSET=utf8 COLLATE=utf8_unicode_ci AUTO_INCREMENT=21 ;

--
-- Dumping data for table `Category_Institute`
--

INSERT INTO `Category_Institute` (`category_institute_id`, `category_id`, `institute_id`, `created_at`, `updated_at`) VALUES
(1, 3, 1, '0000-00-00 00:00:00', '0000-00-00 00:00:00'),
(2, 6, 5, '0000-00-00 00:00:00', '0000-00-00 00:00:00'),
(3, 9, 1, '0000-00-00 00:00:00', '0000-00-00 00:00:00'),
(4, 7, 7, '0000-00-00 00:00:00', '0000-00-00 00:00:00'),
(5, 1, 1, '0000-00-00 00:00:00', '0000-00-00 00:00:00'),
(6, 8, 7, '0000-00-00 00:00:00', '0000-00-00 00:00:00'),
(7, 8, 9, '0000-00-00 00:00:00', '0000-00-00 00:00:00'),
(8, 4, 6, '0000-00-00 00:00:00', '0000-00-00 00:00:00'),
(9, 10, 7, '0000-00-00 00:00:00', '0000-00-00 00:00:00'),
(10, 6, 2, '0000-00-00 00:00:00', '0000-00-00 00:00:00'),
(11, 2, 9, '0000-00-00 00:00:00', '0000-00-00 00:00:00'),
(12, 1, 9, '0000-00-00 00:00:00', '0000-00-00 00:00:00'),
(13, 10, 6, '0000-00-00 00:00:00', '0000-00-00 00:00:00'),
(14, 10, 3, '0000-00-00 00:00:00', '0000-00-00 00:00:00'),
(15, 4, 2, '0000-00-00 00:00:00', '0000-00-00 00:00:00'),
(16, 7, 5, '0000-00-00 00:00:00', '0000-00-00 00:00:00'),
(17, 8, 5, '0000-00-00 00:00:00', '0000-00-00 00:00:00'),
(18, 1, 3, '0000-00-00 00:00:00', '0000-00-00 00:00:00'),
(19, 4, 7, '0000-00-00 00:00:00', '0000-00-00 00:00:00'),
(20, 1, 9, '0000-00-00 00:00:00', '0000-00-00 00:00:00');

-- --------------------------------------------------------

--
-- Table structure for table `Comments`
--

CREATE TABLE IF NOT EXISTS `Comments` (
  `user_id` int(11) NOT NULL,
  `institute_id` int(11) NOT NULL,
  `comment` longtext COLLATE utf8_unicode_ci,
  `rating` int(11) NOT NULL,
  `created_at` timestamp NOT NULL DEFAULT '0000-00-00 00:00:00',
  `updated_at` timestamp NOT NULL DEFAULT '0000-00-00 00:00:00'
) ENGINE=InnoDB DEFAULT CHARSET=utf8 COLLATE=utf8_unicode_ci;

--
-- Dumping data for table `Comments`
--

INSERT INTO `Comments` (`user_id`, `institute_id`, `comment`, `rating`, `created_at`, `updated_at`) VALUES
(1, 4, '<p>Eius distinctio ea blanditiis similique dolor. Laudantium eos vitae velit incidunt odio nesciunt.<p>', 1, '0000-00-00 00:00:00', '0000-00-00 00:00:00'),
(40, 6, '<p>Est omnis tempora rerum occaecati molestiae qui doloribus. Nihil cum et porro illo culpa.<p>', 3, '0000-00-00 00:00:00', '0000-00-00 00:00:00'),
(17, 8, '<p>Illo labore explicabo vel officiis. Repudiandae enim aliquid quia nam.<p>', 3, '0000-00-00 00:00:00', '0000-00-00 00:00:00'),
(37, 3, '<p>Voluptatum explicabo sunt quidem odit non placeat. Ea voluptatem ut optio beatae mollitia vel.<p>', 1, '0000-00-00 00:00:00', '0000-00-00 00:00:00'),
(22, 4, '<p>Voluptate accusamus ut rerum reprehenderit consequatur. Aut nostrum minus possimus illum hic veniam dolore.<p>', 4, '0000-00-00 00:00:00', '0000-00-00 00:00:00'),
(33, 3, '<p>Placeat temporibus perferendis autem voluptatum eligendi ratione.<p>', 1, '0000-00-00 00:00:00', '0000-00-00 00:00:00'),
(26, 4, '<p>Atque modi iste voluptatem quia expedita modi. Necessitatibus exercitationem exercitationem eveniet ut autem.<p>', 3, '0000-00-00 00:00:00', '0000-00-00 00:00:00'),
(26, 7, '<p>Assumenda odio omnis voluptas tenetur quibusdam ut.<p>', 3, '0000-00-00 00:00:00', '0000-00-00 00:00:00'),
(20, 5, '<p>Vitae sint reprehenderit distinctio tempora et.<p>', 3, '0000-00-00 00:00:00', '0000-00-00 00:00:00'),
(36, 3, '<p>Fugiat praesentium quis eos veniam cum impedit ut.<p>', 5, '0000-00-00 00:00:00', '0000-00-00 00:00:00'),
(46, 1, '<p>Aliquid sequi sit rerum natus quis minus. Dicta autem animi quam sequi.<p>', 5, '0000-00-00 00:00:00', '0000-00-00 00:00:00'),
(47, 8, '<p>Et qui ut aliquam et.<p>', 2, '0000-00-00 00:00:00', '0000-00-00 00:00:00'),
(49, 1, '<p>Nam est laboriosam voluptas id quia doloribus.<p>', 4, '0000-00-00 00:00:00', '0000-00-00 00:00:00'),
(27, 7, '<p>Repellendus nesciunt optio unde.<p>', 2, '0000-00-00 00:00:00', '0000-00-00 00:00:00'),
(42, 6, '<p>Odio dignissimos quam quas odio perspiciatis quo.<p>', 5, '0000-00-00 00:00:00', '0000-00-00 00:00:00'),
(37, 2, '<p>Illum cum omnis esse placeat assumenda porro hic. Enim dolorem hic est explicabo.<p>', 4, '0000-00-00 00:00:00', '0000-00-00 00:00:00'),
(39, 4, '<p>Numquam tempore cupiditate eveniet accusantium nihil.<p>', 2, '0000-00-00 00:00:00', '0000-00-00 00:00:00'),
(26, 2, '<p>Ipsam eum dolores esse et repellendus. Aut laudantium aut dolores vel ducimus nemo repellendus qui.<p>', 2, '0000-00-00 00:00:00', '0000-00-00 00:00:00'),
(11, 3, '<p>Fuga nobis sint qui eveniet fugit. Quo at et voluptatem nihil sunt.<p>', 2, '0000-00-00 00:00:00', '0000-00-00 00:00:00'),
(41, 2, '<p>Beatae qui temporibus minima et ut. Eveniet sit rerum distinctio.<p>', 1, '0000-00-00 00:00:00', '0000-00-00 00:00:00');

-- --------------------------------------------------------

--
-- Table structure for table `Institutes`
--

CREATE TABLE IF NOT EXISTS `Institutes` (
  `institute_id` int(10) unsigned NOT NULL AUTO_INCREMENT,
  `institute` varchar(50) COLLATE utf8_unicode_ci NOT NULL,
  `institute_location` varchar(50) COLLATE utf8_unicode_ci NOT NULL,
  `institute_url` varchar(255) COLLATE utf8_unicode_ci NOT NULL,
  `institute_website` varchar(255) COLLATE utf8_unicode_ci DEFAULT NULL,
  `institute_fblink` varchar(255) COLLATE utf8_unicode_ci DEFAULT NULL,
  `institute_twitter` varchar(255) COLLATE utf8_unicode_ci DEFAULT NULL,
  `institute_description` longtext COLLATE utf8_unicode_ci NOT NULL,
  `institute_approved` tinyint(1) NOT NULL,
  `created_at` timestamp NOT NULL DEFAULT '0000-00-00 00:00:00',
  `updated_at` timestamp NOT NULL DEFAULT '0000-00-00 00:00:00',
  PRIMARY KEY (`institute_id`)
) ENGINE=InnoDB  DEFAULT CHARSET=utf8 COLLATE=utf8_unicode_ci AUTO_INCREMENT=11 ;

--
-- Dumping data for table `Institutes`
--

INSERT INTO `Institutes` (`institute_id`, `institute`, `institute_location`, `institute_url`, `institute_website`, `institute_fblink`, `institute_twitter`, `institute_description`, `institute_approved`, `created_at`, `updated_at`) VALUES
(1, 'Kshlerin-Tillman', '4', 'Simonis LLC', 'http://dachschumm.co.uk/', 'cheller', 'qhilll', '<p>Ab nostrum molestias libero id quo reiciendis et.<p>', 1, '0000-00-00 00:00:00', '0000-00-00 00:00:00'),
(2, 'Bogisich, Raynor and Price', '3', 'Rath, O''Hara and Hansen', 'http://www.boyer.com/', 'jenifer.schimmel', 'zkozey', '<p>Aliquid maiores aut sit fugit. Sunt dicta doloribus adipisci aliquam.<p>', 1, '0000-00-00 00:00:00', '0000-00-00 00:00:00'),
(3, 'Hoppe, Von and West', '5', 'Ward, Olson and Rempel', 'http://www.tromp.com/', 'frederick.wunsch', 'jason58', '<p>Officiis rerum iure et incidunt sint quas dignissimos.<p>', 0, '0000-00-00 00:00:00', '0000-00-00 00:00:00'),
(4, 'Little-Kerluke', '3', 'Nienow, Gutkowski and Kuhn', 'http://turcotte.com/', 'crona.ezra', 'sawayn.alfonso', '<p>Illo corporis cupiditate doloribus molestiae ex. Velit enim alias vitae sint provident rerum id accusantium.<p>', 0, '0000-00-00 00:00:00', '0000-00-00 00:00:00'),
(5, 'Kris, Russel and Schuppe', '5', 'Harber and Sons', 'http://www.corkery.net/', 'qrunolfsson', 'lilly24', '<p>Fuga nisi consequuntur culpa iste quia ullam. Et porro quis facere porro iusto odit blanditiis.<p>', 0, '0000-00-00 00:00:00', '0000-00-00 00:00:00'),
(6, 'Borer Group', '3', 'Beer, Medhurst and Senger', 'http://www.balistreri.com/', 'elody55', 'ahmed.murphy', '<p>Nemo est harum voluptatem.<p>', 1, '0000-00-00 00:00:00', '0000-00-00 00:00:00'),
(7, 'Fay, Kuvalis and Nolan', '8', 'Krajcik PLC', 'http://www.witting.com/', 'west.maximilian', 'irwin.auer', '<p>Delectus eum labore fugiat odio odio.<p>', 1, '0000-00-00 00:00:00', '0000-00-00 00:00:00'),
(8, 'Bartoletti, Satterfield and Kihn', '8', 'Schmidt PLC', 'http://www.bauchosinski.com/', 'heidenreich.kaleigh', 'ari.doyle', '<p>Facere officia quia laborum quod odio debitis. Nihil et quia nobis.<p>', 0, '0000-00-00 00:00:00', '0000-00-00 00:00:00'),
(9, 'Haag-Stracke', '6', 'Bartell PLC', 'http://www.schambergerkoepp.info/', 'parker.breanne', 'allison30', '<p>Dicta et non quia ipsa dolores. Eveniet possimus et enim excepturi.<p>', 0, '0000-00-00 00:00:00', '0000-00-00 00:00:00'),
(10, 'Schumm Ltd', '3', 'Gulgowski Inc', 'http://runolfsdottir.com/', 'hiram10', 'nerdman', '<p>Voluptas magnam pariatur exercitationem tenetur.<p>', 1, '0000-00-00 00:00:00', '0000-00-00 00:00:00');

-- --------------------------------------------------------

--
-- Table structure for table `Keywords`
--

CREATE TABLE IF NOT EXISTS `Keywords` (
  `keyword_id` int(10) unsigned NOT NULL AUTO_INCREMENT,
  `keyword` varchar(255) COLLATE utf8_unicode_ci NOT NULL,
  `created_at` timestamp NOT NULL DEFAULT '0000-00-00 00:00:00',
  `updated_at` timestamp NOT NULL DEFAULT '0000-00-00 00:00:00',
  PRIMARY KEY (`keyword_id`)
) ENGINE=InnoDB  DEFAULT CHARSET=utf8 COLLATE=utf8_unicode_ci AUTO_INCREMENT=201 ;

--
-- Dumping data for table `Keywords`
--

INSERT INTO `Keywords` (`keyword_id`, `keyword`, `created_at`, `updated_at`) VALUES
(1, 'Larkin, Muller and Kuhic', '0000-00-00 00:00:00', '0000-00-00 00:00:00'),
(2, 'Jast, Lowe and Windler', '0000-00-00 00:00:00', '0000-00-00 00:00:00'),
(3, 'Hills LLC', '0000-00-00 00:00:00', '0000-00-00 00:00:00'),
(4, 'Ullrich, Rohan and Rosenbaum', '0000-00-00 00:00:00', '0000-00-00 00:00:00'),
(5, 'Schmidt, Kuphal and Mueller', '0000-00-00 00:00:00', '0000-00-00 00:00:00'),
(6, 'Harvey LLC', '0000-00-00 00:00:00', '0000-00-00 00:00:00'),
(7, 'Brown LLC', '0000-00-00 00:00:00', '0000-00-00 00:00:00'),
(8, 'D''Amore, Hagenes and Douglas', '0000-00-00 00:00:00', '0000-00-00 00:00:00'),
(9, 'Ryan LLC', '0000-00-00 00:00:00', '0000-00-00 00:00:00'),
(10, 'Rodriguez-Hahn', '0000-00-00 00:00:00', '0000-00-00 00:00:00'),
(11, 'Mertz-Rogahn', '0000-00-00 00:00:00', '0000-00-00 00:00:00'),
(12, 'Donnelly, Weissnat and Marquardt', '0000-00-00 00:00:00', '0000-00-00 00:00:00'),
(13, 'Sauer-Parisian', '0000-00-00 00:00:00', '0000-00-00 00:00:00'),
(14, 'Johnston-Sipes', '0000-00-00 00:00:00', '0000-00-00 00:00:00'),
(15, 'Hamill-Hansen', '0000-00-00 00:00:00', '0000-00-00 00:00:00'),
(16, 'Abshire-Ruecker', '0000-00-00 00:00:00', '0000-00-00 00:00:00'),
(17, 'Greenholt, Becker and Simonis', '0000-00-00 00:00:00', '0000-00-00 00:00:00'),
(18, 'Conn Group', '0000-00-00 00:00:00', '0000-00-00 00:00:00'),
(19, 'Schuppe-Mitchell', '0000-00-00 00:00:00', '0000-00-00 00:00:00'),
(20, 'Bode Group', '0000-00-00 00:00:00', '0000-00-00 00:00:00'),
(21, 'Botsford, Skiles and Schuster', '0000-00-00 00:00:00', '0000-00-00 00:00:00'),
(22, 'Lowe and Sons', '0000-00-00 00:00:00', '0000-00-00 00:00:00'),
(23, 'Crist Inc', '0000-00-00 00:00:00', '0000-00-00 00:00:00'),
(24, 'Thompson, Mueller and Klein', '0000-00-00 00:00:00', '0000-00-00 00:00:00'),
(25, 'Lind-Labadie', '0000-00-00 00:00:00', '0000-00-00 00:00:00'),
(26, 'Beier Inc', '0000-00-00 00:00:00', '0000-00-00 00:00:00'),
(27, 'Luettgen Inc', '0000-00-00 00:00:00', '0000-00-00 00:00:00'),
(28, 'Lang PLC', '0000-00-00 00:00:00', '0000-00-00 00:00:00'),
(29, 'Bode, Wintheiser and Hyatt', '0000-00-00 00:00:00', '0000-00-00 00:00:00'),
(30, 'Erdman PLC', '0000-00-00 00:00:00', '0000-00-00 00:00:00'),
(31, 'Jewess, Halvorson and Rippin', '0000-00-00 00:00:00', '0000-00-00 00:00:00'),
(32, 'Strosin, Von and Breitenberg', '0000-00-00 00:00:00', '0000-00-00 00:00:00'),
(33, 'Shanahan, Powlowski and Mayert', '0000-00-00 00:00:00', '0000-00-00 00:00:00'),
(34, 'Schuster LLC', '0000-00-00 00:00:00', '0000-00-00 00:00:00'),
(35, 'Macejkovic, Oberbrunner and Rogahn', '0000-00-00 00:00:00', '0000-00-00 00:00:00'),
(36, 'Walter, Gerlach and Willms', '0000-00-00 00:00:00', '0000-00-00 00:00:00'),
(37, 'Stark-Wolf', '0000-00-00 00:00:00', '0000-00-00 00:00:00'),
(38, 'Farrell Group', '0000-00-00 00:00:00', '0000-00-00 00:00:00'),
(39, 'Fadel-Konopelski', '0000-00-00 00:00:00', '0000-00-00 00:00:00'),
(40, 'Harvey-Wiza', '0000-00-00 00:00:00', '0000-00-00 00:00:00'),
(41, 'Konopelski, Ebert and Bogan', '0000-00-00 00:00:00', '0000-00-00 00:00:00'),
(42, 'Powlowski-Boehm', '0000-00-00 00:00:00', '0000-00-00 00:00:00'),
(43, 'Carroll-Kreiger', '0000-00-00 00:00:00', '0000-00-00 00:00:00'),
(44, 'Lowe Group', '0000-00-00 00:00:00', '0000-00-00 00:00:00'),
(45, 'McCullough Ltd', '0000-00-00 00:00:00', '0000-00-00 00:00:00'),
(46, 'Orn, Crooks and Leffler', '0000-00-00 00:00:00', '0000-00-00 00:00:00'),
(47, 'Glover Inc', '0000-00-00 00:00:00', '0000-00-00 00:00:00'),
(48, 'Hammes Group', '0000-00-00 00:00:00', '0000-00-00 00:00:00'),
(49, 'Goldner, Ritchie and Littel', '0000-00-00 00:00:00', '0000-00-00 00:00:00'),
(50, 'Waters, Schinner and Klein', '0000-00-00 00:00:00', '0000-00-00 00:00:00'),
(51, 'Ruecker-Kemmer', '0000-00-00 00:00:00', '0000-00-00 00:00:00'),
(52, 'Turcotte Ltd', '0000-00-00 00:00:00', '0000-00-00 00:00:00'),
(53, 'McCullough, Mante and Senger', '0000-00-00 00:00:00', '0000-00-00 00:00:00'),
(54, 'Jerde Inc', '0000-00-00 00:00:00', '0000-00-00 00:00:00'),
(55, 'Stiedemann-Jacobi', '0000-00-00 00:00:00', '0000-00-00 00:00:00'),
(56, 'Hettinger Ltd', '0000-00-00 00:00:00', '0000-00-00 00:00:00'),
(57, 'Wintheiser-Wehner', '0000-00-00 00:00:00', '0000-00-00 00:00:00'),
(58, 'Boyle-Effertz', '0000-00-00 00:00:00', '0000-00-00 00:00:00'),
(59, 'Goyette-Wilkinson', '0000-00-00 00:00:00', '0000-00-00 00:00:00'),
(60, 'Veum, Terry and Hoeger', '0000-00-00 00:00:00', '0000-00-00 00:00:00'),
(61, 'Hills Ltd', '0000-00-00 00:00:00', '0000-00-00 00:00:00'),
(62, 'Schinner and Sons', '0000-00-00 00:00:00', '0000-00-00 00:00:00'),
(63, 'Miller-Kautzer', '0000-00-00 00:00:00', '0000-00-00 00:00:00'),
(64, 'Mayert, Schaden and Orn', '0000-00-00 00:00:00', '0000-00-00 00:00:00'),
(65, 'Schoen, Lind and Ledner', '0000-00-00 00:00:00', '0000-00-00 00:00:00'),
(66, 'Ryan, McCullough and Bayer', '0000-00-00 00:00:00', '0000-00-00 00:00:00'),
(67, 'Feil-Stanton', '0000-00-00 00:00:00', '0000-00-00 00:00:00'),
(68, 'Wintheiser-Marks', '0000-00-00 00:00:00', '0000-00-00 00:00:00'),
(69, 'Raynor-Schmidt', '0000-00-00 00:00:00', '0000-00-00 00:00:00'),
(70, 'Sipes-Crooks', '0000-00-00 00:00:00', '0000-00-00 00:00:00'),
(71, 'Smitham PLC', '0000-00-00 00:00:00', '0000-00-00 00:00:00'),
(72, 'Keebler, Grady and Abshire', '0000-00-00 00:00:00', '0000-00-00 00:00:00'),
(73, 'Johns PLC', '0000-00-00 00:00:00', '0000-00-00 00:00:00'),
(74, 'Conroy, Wolf and Bartell', '0000-00-00 00:00:00', '0000-00-00 00:00:00'),
(75, 'Hickle-Boehm', '0000-00-00 00:00:00', '0000-00-00 00:00:00'),
(76, 'Welch, Keeling and Graham', '0000-00-00 00:00:00', '0000-00-00 00:00:00'),
(77, 'Rowe Inc', '0000-00-00 00:00:00', '0000-00-00 00:00:00'),
(78, 'Robel-Kessler', '0000-00-00 00:00:00', '0000-00-00 00:00:00'),
(79, 'Emmerich PLC', '0000-00-00 00:00:00', '0000-00-00 00:00:00'),
(80, 'Johnston, Koepp and Greenfelder', '0000-00-00 00:00:00', '0000-00-00 00:00:00'),
(81, 'Nitzsche, Lesch and Wisozk', '0000-00-00 00:00:00', '0000-00-00 00:00:00'),
(82, 'Simonis, Osinski and Ritchie', '0000-00-00 00:00:00', '0000-00-00 00:00:00'),
(83, 'Cummerata and Sons', '0000-00-00 00:00:00', '0000-00-00 00:00:00'),
(84, 'Stokes PLC', '0000-00-00 00:00:00', '0000-00-00 00:00:00'),
(85, 'Kuhlman-Dietrich', '0000-00-00 00:00:00', '0000-00-00 00:00:00'),
(86, 'Predovic, Crist and McClure', '0000-00-00 00:00:00', '0000-00-00 00:00:00'),
(87, 'Pfeffer Ltd', '0000-00-00 00:00:00', '0000-00-00 00:00:00'),
(88, 'Gutkowski-Nienow', '0000-00-00 00:00:00', '0000-00-00 00:00:00'),
(89, 'Feest LLC', '0000-00-00 00:00:00', '0000-00-00 00:00:00'),
(90, 'Becker-Reilly', '0000-00-00 00:00:00', '0000-00-00 00:00:00'),
(91, 'Muller PLC', '0000-00-00 00:00:00', '0000-00-00 00:00:00'),
(92, 'Cormier-Heaney', '0000-00-00 00:00:00', '0000-00-00 00:00:00'),
(93, 'Cole, Wehner and VonRueden', '0000-00-00 00:00:00', '0000-00-00 00:00:00'),
(94, 'Lemke, Bergnaum and Ruecker', '0000-00-00 00:00:00', '0000-00-00 00:00:00'),
(95, 'Gleason Inc', '0000-00-00 00:00:00', '0000-00-00 00:00:00'),
(96, 'Lang, Stiedemann and Harvey', '0000-00-00 00:00:00', '0000-00-00 00:00:00'),
(97, 'Koepp and Sons', '0000-00-00 00:00:00', '0000-00-00 00:00:00'),
(98, 'Koelpin-Casper', '0000-00-00 00:00:00', '0000-00-00 00:00:00'),
(99, 'Bins PLC', '0000-00-00 00:00:00', '0000-00-00 00:00:00'),
(100, 'Mertz-Barrows', '0000-00-00 00:00:00', '0000-00-00 00:00:00'),
(101, 'Kuhlman-Sauer', '0000-00-00 00:00:00', '0000-00-00 00:00:00'),
(102, 'Zemlak Ltd', '0000-00-00 00:00:00', '0000-00-00 00:00:00'),
(103, 'Howell-Toy', '0000-00-00 00:00:00', '0000-00-00 00:00:00'),
(104, 'Braun-Anderson', '0000-00-00 00:00:00', '0000-00-00 00:00:00'),
(105, 'McCullough Inc', '0000-00-00 00:00:00', '0000-00-00 00:00:00'),
(106, 'Frami-Harvey', '0000-00-00 00:00:00', '0000-00-00 00:00:00'),
(107, 'Farrell, Blanda and Padberg', '0000-00-00 00:00:00', '0000-00-00 00:00:00'),
(108, 'Trantow, McGlynn and Johnson', '0000-00-00 00:00:00', '0000-00-00 00:00:00'),
(109, 'Bednar, Wilderman and Rath', '0000-00-00 00:00:00', '0000-00-00 00:00:00'),
(110, 'Blanda, Heidenreich and Mraz', '0000-00-00 00:00:00', '0000-00-00 00:00:00'),
(111, 'Green Inc', '0000-00-00 00:00:00', '0000-00-00 00:00:00'),
(112, 'Bode-Quitzon', '0000-00-00 00:00:00', '0000-00-00 00:00:00'),
(113, 'Friesen, Corkery and Barton', '0000-00-00 00:00:00', '0000-00-00 00:00:00'),
(114, 'McClure-Gleason', '0000-00-00 00:00:00', '0000-00-00 00:00:00'),
(115, 'Gislason PLC', '0000-00-00 00:00:00', '0000-00-00 00:00:00'),
(116, 'Koss LLC', '0000-00-00 00:00:00', '0000-00-00 00:00:00'),
(117, 'Waters, Von and Lind', '0000-00-00 00:00:00', '0000-00-00 00:00:00'),
(118, 'Kshlerin, Daugherty and Collins', '0000-00-00 00:00:00', '0000-00-00 00:00:00'),
(119, 'Hyatt PLC', '0000-00-00 00:00:00', '0000-00-00 00:00:00'),
(120, 'Bahringer, Orn and Boyer', '0000-00-00 00:00:00', '0000-00-00 00:00:00'),
(121, 'Fay-Pfeffer', '0000-00-00 00:00:00', '0000-00-00 00:00:00'),
(122, 'Hodkiewicz LLC', '0000-00-00 00:00:00', '0000-00-00 00:00:00'),
(123, 'Jerde-Rutherford', '0000-00-00 00:00:00', '0000-00-00 00:00:00'),
(124, 'O''Connell-Weber', '0000-00-00 00:00:00', '0000-00-00 00:00:00'),
(125, 'Turner, Pfannerstill and Christiansen', '0000-00-00 00:00:00', '0000-00-00 00:00:00'),
(126, 'Morissette, Streich and Bosco', '0000-00-00 00:00:00', '0000-00-00 00:00:00'),
(127, 'Hermiston, Schinner and Keeling', '0000-00-00 00:00:00', '0000-00-00 00:00:00'),
(128, 'Abbott-Gerlach', '0000-00-00 00:00:00', '0000-00-00 00:00:00'),
(129, 'Prohaska Group', '0000-00-00 00:00:00', '0000-00-00 00:00:00'),
(130, 'Wiegand Group', '0000-00-00 00:00:00', '0000-00-00 00:00:00'),
(131, 'King LLC', '0000-00-00 00:00:00', '0000-00-00 00:00:00'),
(132, 'Grimes Inc', '0000-00-00 00:00:00', '0000-00-00 00:00:00'),
(133, 'Mayert LLC', '0000-00-00 00:00:00', '0000-00-00 00:00:00'),
(134, 'Bradtke, Kshlerin and Stanton', '0000-00-00 00:00:00', '0000-00-00 00:00:00'),
(135, 'Howe LLC', '0000-00-00 00:00:00', '0000-00-00 00:00:00'),
(136, 'Johnson, Muller and Mitchell', '0000-00-00 00:00:00', '0000-00-00 00:00:00'),
(137, 'Gutmann Inc', '0000-00-00 00:00:00', '0000-00-00 00:00:00'),
(138, 'Morissette Group', '0000-00-00 00:00:00', '0000-00-00 00:00:00'),
(139, 'Osinski and Sons', '0000-00-00 00:00:00', '0000-00-00 00:00:00'),
(140, 'VonRueden LLC', '0000-00-00 00:00:00', '0000-00-00 00:00:00'),
(141, 'Hansen-Barrows', '0000-00-00 00:00:00', '0000-00-00 00:00:00'),
(142, 'Johnson-Hackett', '0000-00-00 00:00:00', '0000-00-00 00:00:00'),
(143, 'Eichmann, Gottlieb and Ullrich', '0000-00-00 00:00:00', '0000-00-00 00:00:00'),
(144, 'Bednar-Lueilwitz', '0000-00-00 00:00:00', '0000-00-00 00:00:00'),
(145, 'Nitzsche-Hahn', '0000-00-00 00:00:00', '0000-00-00 00:00:00'),
(146, 'Bauch Ltd', '0000-00-00 00:00:00', '0000-00-00 00:00:00'),
(147, 'Kilback-Schaefer', '0000-00-00 00:00:00', '0000-00-00 00:00:00'),
(148, 'Baumbach-Miller', '0000-00-00 00:00:00', '0000-00-00 00:00:00'),
(149, 'Hyatt, Hammes and Daniel', '0000-00-00 00:00:00', '0000-00-00 00:00:00'),
(150, 'Heaney LLC', '0000-00-00 00:00:00', '0000-00-00 00:00:00'),
(151, 'Walker LLC', '0000-00-00 00:00:00', '0000-00-00 00:00:00'),
(152, 'Mitchell LLC', '0000-00-00 00:00:00', '0000-00-00 00:00:00'),
(153, 'Gislason-Torp', '0000-00-00 00:00:00', '0000-00-00 00:00:00'),
(154, 'Friesen-Lakin', '0000-00-00 00:00:00', '0000-00-00 00:00:00'),
(155, 'Walter Inc', '0000-00-00 00:00:00', '0000-00-00 00:00:00'),
(156, 'Corkery-Botsford', '0000-00-00 00:00:00', '0000-00-00 00:00:00'),
(157, 'Gaylord LLC', '0000-00-00 00:00:00', '0000-00-00 00:00:00'),
(158, 'Robel, Tremblay and Jacobs', '0000-00-00 00:00:00', '0000-00-00 00:00:00'),
(159, 'Tillman, Hamill and Herman', '0000-00-00 00:00:00', '0000-00-00 00:00:00'),
(160, 'Rau Inc', '0000-00-00 00:00:00', '0000-00-00 00:00:00'),
(161, 'Frami, Vandervort and Von', '0000-00-00 00:00:00', '0000-00-00 00:00:00'),
(162, 'Heathcote Ltd', '0000-00-00 00:00:00', '0000-00-00 00:00:00'),
(163, 'Cronin-Schaefer', '0000-00-00 00:00:00', '0000-00-00 00:00:00'),
(164, 'Metz Group', '0000-00-00 00:00:00', '0000-00-00 00:00:00'),
(165, 'Schoen and Sons', '0000-00-00 00:00:00', '0000-00-00 00:00:00'),
(166, 'Bechtelar, Reinger and Johnston', '0000-00-00 00:00:00', '0000-00-00 00:00:00'),
(167, 'Nolan-Kuhic', '0000-00-00 00:00:00', '0000-00-00 00:00:00'),
(168, 'Weimann, Kessler and Marvin', '0000-00-00 00:00:00', '0000-00-00 00:00:00'),
(169, 'Renner Inc', '0000-00-00 00:00:00', '0000-00-00 00:00:00'),
(170, 'Prosacco Group', '0000-00-00 00:00:00', '0000-00-00 00:00:00'),
(171, 'Breitenberg Group', '0000-00-00 00:00:00', '0000-00-00 00:00:00'),
(172, 'Considine Inc', '0000-00-00 00:00:00', '0000-00-00 00:00:00'),
(173, 'Brown Group', '0000-00-00 00:00:00', '0000-00-00 00:00:00'),
(174, 'Goyette Group', '0000-00-00 00:00:00', '0000-00-00 00:00:00'),
(175, 'Beahan-Sanford', '0000-00-00 00:00:00', '0000-00-00 00:00:00'),
(176, 'Shields-Pacocha', '0000-00-00 00:00:00', '0000-00-00 00:00:00'),
(177, 'Botsford, Jaskolski and Gerlach', '0000-00-00 00:00:00', '0000-00-00 00:00:00'),
(178, 'Lowe and Sons', '0000-00-00 00:00:00', '0000-00-00 00:00:00'),
(179, 'Pfannerstill-Ullrich', '0000-00-00 00:00:00', '0000-00-00 00:00:00'),
(180, 'Dietrich, Nitzsche and Reichert', '0000-00-00 00:00:00', '0000-00-00 00:00:00'),
(181, 'Cole PLC', '0000-00-00 00:00:00', '0000-00-00 00:00:00'),
(182, 'Eichmann-Labadie', '0000-00-00 00:00:00', '0000-00-00 00:00:00'),
(183, 'White, Torphy and Brown', '0000-00-00 00:00:00', '0000-00-00 00:00:00'),
(184, 'Raynor, Herman and Toy', '0000-00-00 00:00:00', '0000-00-00 00:00:00'),
(185, 'Senger, Braun and Sauer', '0000-00-00 00:00:00', '0000-00-00 00:00:00'),
(186, 'Christiansen LLC', '0000-00-00 00:00:00', '0000-00-00 00:00:00'),
(187, 'Nader, Ratke and Hermiston', '0000-00-00 00:00:00', '0000-00-00 00:00:00'),
(188, 'Quitzon, Ziemann and Schmitt', '0000-00-00 00:00:00', '0000-00-00 00:00:00'),
(189, 'Ondricka, Stanton and Frami', '0000-00-00 00:00:00', '0000-00-00 00:00:00'),
(190, 'Turcotte, Rice and Kling', '0000-00-00 00:00:00', '0000-00-00 00:00:00'),
(191, 'Rohan PLC', '0000-00-00 00:00:00', '0000-00-00 00:00:00'),
(192, 'Schneider, Metz and Hammes', '0000-00-00 00:00:00', '0000-00-00 00:00:00'),
(193, 'Zboncak-Goldner', '0000-00-00 00:00:00', '0000-00-00 00:00:00'),
(194, 'McKenzie, Vandervort and Watsica', '0000-00-00 00:00:00', '0000-00-00 00:00:00'),
(195, 'Runolfsson PLC', '0000-00-00 00:00:00', '0000-00-00 00:00:00'),
(196, 'Braun-Heller', '0000-00-00 00:00:00', '0000-00-00 00:00:00'),
(197, 'Beer, Casper and Haag', '0000-00-00 00:00:00', '0000-00-00 00:00:00'),
(198, 'Nienow-Schaden', '0000-00-00 00:00:00', '0000-00-00 00:00:00'),
(199, 'Hauck, Kuvalis and Marquardt', '0000-00-00 00:00:00', '0000-00-00 00:00:00'),
(200, 'Romaguera Inc', '0000-00-00 00:00:00', '0000-00-00 00:00:00');

-- --------------------------------------------------------

--
-- Table structure for table `Locations`
--

CREATE TABLE IF NOT EXISTS `Locations` (
  `location_id` int(10) unsigned NOT NULL AUTO_INCREMENT,
  `location` varchar(255) COLLATE utf8_unicode_ci NOT NULL,
  `created_at` timestamp NOT NULL DEFAULT '0000-00-00 00:00:00',
  `updated_at` timestamp NOT NULL DEFAULT '0000-00-00 00:00:00',
  PRIMARY KEY (`location_id`)
) ENGINE=InnoDB  DEFAULT CHARSET=utf8 COLLATE=utf8_unicode_ci AUTO_INCREMENT=11 ;

--
-- Dumping data for table `Locations`
--

INSERT INTO `Locations` (`location_id`, `location`, `created_at`, `updated_at`) VALUES
(1, 'North Pascalemouth', '0000-00-00 00:00:00', '0000-00-00 00:00:00'),
(2, 'New Mathew', '0000-00-00 00:00:00', '0000-00-00 00:00:00'),
(3, 'Alainaland', '0000-00-00 00:00:00', '0000-00-00 00:00:00'),
(4, 'Fadeltown', '0000-00-00 00:00:00', '0000-00-00 00:00:00'),
(5, 'East Domingoland', '0000-00-00 00:00:00', '0000-00-00 00:00:00'),
(6, 'Sophiaborough', '0000-00-00 00:00:00', '0000-00-00 00:00:00'),
(7, 'West Ansley', '0000-00-00 00:00:00', '0000-00-00 00:00:00'),
(8, 'North Enaborough', '0000-00-00 00:00:00', '0000-00-00 00:00:00'),
(9, 'Stanfordmouth', '0000-00-00 00:00:00', '0000-00-00 00:00:00'),
(10, 'Lylaburgh', '0000-00-00 00:00:00', '0000-00-00 00:00:00');

-- --------------------------------------------------------

--
-- Table structure for table `migrations`
--

CREATE TABLE IF NOT EXISTS `migrations` (
  `migration` varchar(255) COLLATE utf8_unicode_ci NOT NULL,
  `batch` int(11) NOT NULL
) ENGINE=InnoDB DEFAULT CHARSET=utf8 COLLATE=utf8_unicode_ci;

--
-- Dumping data for table `migrations`
--

INSERT INTO `migrations` (`migration`, `batch`) VALUES
('2014_12_17_145444_create_batches_table', 1),
('2014_12_17_145523_create_batch_photo_table', 1),
('2014_12_17_145538_create_categories_table', 1),
('2014_12_17_145602_create_comments_table', 1),
('2014_12_17_145613_create_institutes_table', 1),
('2014_12_17_145624_create_keywords_table', 1),
('2014_12_17_145700_create_locations_table', 1),
('2014_12_17_145713_create_users_table', 1),
('2014_12_17_145722_create_venues_table', 1),
('2014_12_17_152341_create_subcategory_table', 1),
('2014_12_18_145616_create_batch_keyword_table', 1),
('2014_12_18_145832_create_category_institute_table', 1);

-- --------------------------------------------------------

--
-- Table structure for table `Subcategories`
--

CREATE TABLE IF NOT EXISTS `Subcategories` (
  `subcategory_id` int(10) unsigned NOT NULL AUTO_INCREMENT,
  `category_id` int(11) NOT NULL,
  `subcategory` varchar(255) COLLATE utf8_unicode_ci NOT NULL,
  `created_at` timestamp NOT NULL DEFAULT '0000-00-00 00:00:00',
  `updated_at` timestamp NOT NULL DEFAULT '0000-00-00 00:00:00',
  PRIMARY KEY (`subcategory_id`)
) ENGINE=InnoDB  DEFAULT CHARSET=utf8 COLLATE=utf8_unicode_ci AUTO_INCREMENT=51 ;

--
-- Dumping data for table `Subcategories`
--

INSERT INTO `Subcategories` (`subcategory_id`, `category_id`, `subcategory`, `created_at`, `updated_at`) VALUES
(1, 6, 'Dr. Cristopher Funk', '0000-00-00 00:00:00', '0000-00-00 00:00:00'),
(2, 2, 'Ms. Angela Klocko', '0000-00-00 00:00:00', '0000-00-00 00:00:00'),
(3, 8, 'Keven Braun', '0000-00-00 00:00:00', '0000-00-00 00:00:00'),
(4, 5, 'Arjun Dickinson', '0000-00-00 00:00:00', '0000-00-00 00:00:00'),
(5, 3, 'Ally Reichel Jr.', '0000-00-00 00:00:00', '0000-00-00 00:00:00'),
(6, 7, 'Leopold Bartell', '0000-00-00 00:00:00', '0000-00-00 00:00:00'),
(7, 7, 'Rachael Bailey III', '0000-00-00 00:00:00', '0000-00-00 00:00:00'),
(8, 7, 'Mr. Arch Ruecker', '0000-00-00 00:00:00', '0000-00-00 00:00:00'),
(9, 2, 'Kelli Blanda', '0000-00-00 00:00:00', '0000-00-00 00:00:00'),
(10, 7, 'Isaiah Armstrong', '0000-00-00 00:00:00', '0000-00-00 00:00:00'),
(11, 9, 'Miss Ignatius Jenkins', '0000-00-00 00:00:00', '0000-00-00 00:00:00'),
(12, 7, 'Abdullah Larkin', '0000-00-00 00:00:00', '0000-00-00 00:00:00'),
(13, 3, 'Ms. Maymie Gislason PhD', '0000-00-00 00:00:00', '0000-00-00 00:00:00'),
(14, 9, 'Jan Walker', '0000-00-00 00:00:00', '0000-00-00 00:00:00'),
(15, 4, 'Chance Grady', '0000-00-00 00:00:00', '0000-00-00 00:00:00'),
(16, 2, 'Maximilian Gibson', '0000-00-00 00:00:00', '0000-00-00 00:00:00'),
(17, 5, 'Jordyn Konopelski', '0000-00-00 00:00:00', '0000-00-00 00:00:00'),
(18, 4, 'Miss Maximillian West', '0000-00-00 00:00:00', '0000-00-00 00:00:00'),
(19, 2, 'Serena Murray MD', '0000-00-00 00:00:00', '0000-00-00 00:00:00'),
(20, 2, 'Genoveva Glover', '0000-00-00 00:00:00', '0000-00-00 00:00:00'),
(21, 6, 'Miss Emilio Hansen DDS', '0000-00-00 00:00:00', '0000-00-00 00:00:00'),
(22, 1, 'Norval Prohaska', '0000-00-00 00:00:00', '0000-00-00 00:00:00'),
(23, 4, 'Baylee Prohaska', '0000-00-00 00:00:00', '0000-00-00 00:00:00'),
(24, 3, 'Ellie Wintheiser', '0000-00-00 00:00:00', '0000-00-00 00:00:00'),
(25, 2, 'Bridget Towne', '0000-00-00 00:00:00', '0000-00-00 00:00:00'),
(26, 4, 'Jeremy Denesik', '0000-00-00 00:00:00', '0000-00-00 00:00:00'),
(27, 2, 'Kaya Wisozk', '0000-00-00 00:00:00', '0000-00-00 00:00:00'),
(28, 4, 'Deron Hyatt Sr.', '0000-00-00 00:00:00', '0000-00-00 00:00:00'),
(29, 9, 'Annette Kub', '0000-00-00 00:00:00', '0000-00-00 00:00:00'),
(30, 9, 'Mr. Greyson Franecki', '0000-00-00 00:00:00', '0000-00-00 00:00:00'),
(31, 4, 'Milton Mohr', '0000-00-00 00:00:00', '0000-00-00 00:00:00'),
(32, 3, 'Mrs. Kameron Zemlak V', '0000-00-00 00:00:00', '0000-00-00 00:00:00'),
(33, 9, 'Rodger Braun', '0000-00-00 00:00:00', '0000-00-00 00:00:00'),
(34, 9, 'Dandre Renner', '0000-00-00 00:00:00', '0000-00-00 00:00:00'),
(35, 5, 'Mrs. Anibal Hoeger', '0000-00-00 00:00:00', '0000-00-00 00:00:00'),
(36, 3, 'Winston Hand', '0000-00-00 00:00:00', '0000-00-00 00:00:00'),
(37, 7, 'Catharine Murray', '0000-00-00 00:00:00', '0000-00-00 00:00:00'),
(38, 1, 'Arjun Windler', '0000-00-00 00:00:00', '0000-00-00 00:00:00'),
(39, 4, 'Jadyn Hoppe', '0000-00-00 00:00:00', '0000-00-00 00:00:00'),
(40, 3, 'Austen Grimes', '0000-00-00 00:00:00', '0000-00-00 00:00:00'),
(41, 1, 'Olga King', '0000-00-00 00:00:00', '0000-00-00 00:00:00'),
(42, 8, 'Dr. Merlin Lockman', '0000-00-00 00:00:00', '0000-00-00 00:00:00'),
(43, 1, 'Miss Jakayla Gislason IV', '0000-00-00 00:00:00', '0000-00-00 00:00:00'),
(44, 4, 'Ms. Lulu Feeney', '0000-00-00 00:00:00', '0000-00-00 00:00:00'),
(45, 7, 'Luciano Kuhic', '0000-00-00 00:00:00', '0000-00-00 00:00:00'),
(46, 2, 'Miss Bernard Heathcote', '0000-00-00 00:00:00', '0000-00-00 00:00:00'),
(47, 6, 'Aurelia Armstrong', '0000-00-00 00:00:00', '0000-00-00 00:00:00'),
(48, 2, 'Everett Block', '0000-00-00 00:00:00', '0000-00-00 00:00:00'),
(49, 1, 'Lucienne Wyman', '0000-00-00 00:00:00', '0000-00-00 00:00:00'),
(50, 1, 'Zoie Jacobi', '0000-00-00 00:00:00', '0000-00-00 00:00:00');

-- --------------------------------------------------------

--
-- Table structure for table `Users`
--

CREATE TABLE IF NOT EXISTS `Users` (
  `user_id` int(10) unsigned NOT NULL AUTO_INCREMENT,
  `user_first_name` varchar(50) COLLATE utf8_unicode_ci NOT NULL,
  `user_last_name` varchar(50) COLLATE utf8_unicode_ci DEFAULT NULL,
  `user_email` varchar(50) COLLATE utf8_unicode_ci NOT NULL,
  `user_contact_no` varchar(15) COLLATE utf8_unicode_ci NOT NULL,
  `user_password` varchar(70) COLLATE utf8_unicode_ci NOT NULL,
  `user_location` int(11) NOT NULL,
  `user_fb_id` varchar(50) COLLATE utf8_unicode_ci DEFAULT NULL,
  `user_birthdate` date DEFAULT NULL,
  `user_gender` varchar(6) COLLATE utf8_unicode_ci DEFAULT NULL,
  `user_remember_token` varchar(70) COLLATE utf8_unicode_ci DEFAULT NULL,
  `user_facebook_access_token` varchar(70) COLLATE utf8_unicode_ci DEFAULT NULL,
  `user_confirmation_code` varchar(90) COLLATE utf8_unicode_ci NOT NULL,
  `user_confirmed` int(11) NOT NULL,
  `created_at` timestamp NOT NULL DEFAULT '0000-00-00 00:00:00',
  `updated_at` timestamp NOT NULL DEFAULT '0000-00-00 00:00:00',
  PRIMARY KEY (`user_id`)
) ENGINE=InnoDB  DEFAULT CHARSET=utf8 COLLATE=utf8_unicode_ci AUTO_INCREMENT=41 ;

--
-- Dumping data for table `Users`
--

INSERT INTO `Users` (`user_id`, `user_first_name`, `user_last_name`, `user_email`, `user_contact_no`, `user_password`, `user_location`, `user_fb_id`, `user_birthdate`, `user_gender`, `user_remember_token`, `user_facebook_access_token`, `user_confirmation_code`, `user_confirmed`, `created_at`, `updated_at`) VALUES
(1, 'Cortney', 'Runolfsson', 'abarrows@hotmail.com', '1-058-738-2931x', '$2y$10$Z9f.tYVFW/ctseMZD8S2keAsgsIFvoHyNG.bC.16/N0HeE4SYFnxq', 4, '870563547126948', '1982-10-26', 'male', 'wbvv', 'urqj', '6413692036', 1, '0000-00-00 00:00:00', '0000-00-00 00:00:00'),
(2, 'Dorothy', 'Johnston', 'otto11@carrollhalvorson.info', '224-769-4286x22', '$2y$10$Epbx6vIW.Z8m9J1Mln.tqOE.E5KcP6mWQdyh2i1FbcuAfhHEIyf5O', 4, '361084319185465', '1994-01-01', 'male', 'gzsd', 'utwf', '79626668579', 1, '0000-00-00 00:00:00', '0000-00-00 00:00:00'),
(3, 'Irma', 'Harber', 'michale06@yahoo.com', '+39(0)535543335', '$2y$10$58iRjujV2Gi8RK6QaLNAN.S70Hbhm6k/VctGJoHLT1cM4e8P4qob6', 4, '361983042676001', '2001-10-28', 'male', 'syrp', 'ktyp', '36058879010', 1, '0000-00-00 00:00:00', '0000-00-00 00:00:00'),
(4, 'Audrey', 'Jakubowski', 'ella81@schroeder.com', '805.697.4789x50', '$2y$10$XaYIkgIzSZ9YnId4B0Af9OHEwnfe0JnKDq.0MAgDjgX4J2oDISise', 1, '931849194224923', '1984-02-29', 'male', 'ewgl', 'dcus', '85929270960', 1, '0000-00-00 00:00:00', '0000-00-00 00:00:00'),
(5, 'Thalia', 'Grady', 'kmetz@yahoo.com', '760-952-7471', '$2y$10$bpsoezW761/xbc.71E323uLwv7IGaFq9KG8XBNZA.MhuwRXI3yVKi', 9, '599573432933539', '1976-10-17', 'male', 'ibgm', 'lsvk', '10078707088', 1, '0000-00-00 00:00:00', '0000-00-00 00:00:00'),
(6, 'Newton', 'Bartoletti', 'dino.beier@brakus.com', '1-217-479-8371x', '$2y$10$ONULgWn6U.OcUsAXjotqSu6G.d4lBFMBN8f58W4oREYYMJ9bSNiuW', 2, '559956121258437', '1995-04-27', 'male', 'qoqg', 'rtzo', '52673805148', 1, '0000-00-00 00:00:00', '0000-00-00 00:00:00'),
(7, 'Beverly', 'Abbott', 'gregoria.williamson@yahoo.com', '06308205729', '$2y$10$.0OpXavgtFdEI/6mluxv1e0uW8dsg2g0CDYtAy93AH2rRELs4XrpC', 7, '140909488312900', '1998-02-11', 'male', 'yefv', 'tkas', '31863353465', 1, '0000-00-00 00:00:00', '0000-00-00 00:00:00'),
(8, 'Arvid', 'Macejkovic', 'mayer.sabrina@langosh.com', '517-731-4908x54', '$2y$10$wNcC9vhGxvfH5wv/DbDkiOlUXSj3.zdI08PzCKODgEFe9FYSGr3Ii', 3, '965349293779581', '1977-01-12', 'male', 'kmep', 'nchb', '4900264819', 1, '0000-00-00 00:00:00', '0000-00-00 00:00:00'),
(9, 'Adan', 'O''Reilly', 'sporer.elsie@yahoo.com', '1-681-211-4842', '$2y$10$AW6ezUSvYR1ByUPVfCwcaOvgCQWp8qCZLXXcRtVIqScBPf81xfx9i', 2, '567139579914510', '2005-10-15', 'male', 'zyio', 'tpen', '54695077206', 1, '0000-00-00 00:00:00', '0000-00-00 00:00:00'),
(10, 'Gaston', 'Jerde', 'ijewess@stracke.com', '1-624-221-2321x', '$2y$10$FuZzoow4Sb/vNKbkVv0JSu0HRkLapbUkQnVRLCvBN4.c/sEGQsgP2', 7, '413155620452016', '2004-01-25', 'male', 'zylv', 'biti', '80334935807', 1, '0000-00-00 00:00:00', '0000-00-00 00:00:00'),
(11, 'Zachary', 'Carroll', 'rschamberger@yahoo.com', '1-069-427-5553', '$2y$10$jbmJp7ItcrdXmb4IQtDoIu0brjTG8O/9Q34UDmmuuoDoyl2V7kjB2', 2, '650549517478793', '1979-01-16', 'male', 'wwjn', 'flnh', '71793823098', 1, '0000-00-00 00:00:00', '0000-00-00 00:00:00'),
(12, 'Abner', 'McGlynn', 'kbins@lehnerrice.info', '(108)953-9513x1', '$2y$10$RO/pJZPOHwU73UBaneT9L.HWsBCz7GPDM.it6FjGIacBFfJoUzphe', 6, '419421880971640', '2007-12-19', 'male', 'jftg', 'ldbf', '51158406807', 1, '0000-00-00 00:00:00', '0000-00-00 00:00:00'),
(13, 'Ona', 'Labadie', 'fern.rau@rodriguezfranecki.com', '180-046-2068x80', '$2y$10$AVGS3J/3dS2ZDT8kQsvMEOCV8whUwZ3rOdBRtQbXjOTatr4EebI3i', 1, '55219092871993', '1997-04-14', 'male', 'ubds', 'kkdl', '70741050242', 1, '0000-00-00 00:00:00', '0000-00-00 00:00:00'),
(14, 'Cullen', 'Pagac', 'krajcik.carolanne@funk.biz', '1-544-764-0683x', '$2y$10$daeQp/Mn0DExll2stVWxCO6munpSBVM1.HRNlW7zIpjh.2eRlC3Gq', 7, '346454579848796', '1992-07-02', 'male', 'ezcm', 'cjvt', '30635153974', 1, '0000-00-00 00:00:00', '0000-00-00 00:00:00'),
(15, 'Rebeca', 'Aufderhar', 'dedrick04@hotmail.com', '1-996-553-3486x', '$2y$10$y7Vxw4XpwFzhNamxM4jF2OuNTFoYouwY9biFQ8rEbdS4IFkxZ2eA2', 2, '447151957545429', '1975-08-23', 'male', 'stcu', 'inaq', '19741722499', 1, '0000-00-00 00:00:00', '0000-00-00 00:00:00'),
(16, 'Uriah', 'West', 'adolfo01@hotmail.com', '406.246.7182', '$2y$10$YtioIOlTCmTCCvVfhL6sve/Y54wobj9ngBlbvSiEfoYGD95S9IVcm', 6, '815972614102065', '1990-12-03', 'male', 'rewp', 'qcsf', '16568924527', 1, '0000-00-00 00:00:00', '0000-00-00 00:00:00'),
(17, 'Matilde', 'Kub', 'scrona@hayes.com', '115-427-0124x27', '$2y$10$xHcY8tl6RqRtwdAAq/NtH.hYL9GXgcVbo6VvRLylY3Nife4FYrXdS', 5, '109951199032366', '1998-07-06', 'male', 'qnfy', 'gxom', '41034842226', 1, '0000-00-00 00:00:00', '0000-00-00 00:00:00'),
(18, 'Jazmyne', 'Durgan', 'jess60@wilkinson.com', '09453068448', '$2y$10$ShE2t1ZO2POW6KvstMssN.ThBHPN9e9.6lciDMTSDGcI/tLCbIqvG', 2, '634048603009432', '2007-09-18', 'male', 'eyam', 'zdwd', '14916618806', 1, '0000-00-00 00:00:00', '0000-00-00 00:00:00'),
(19, 'Brook', 'Connelly', 'camille57@damoreluettgen.com', '1-463-809-5613x', '$2y$10$GguLAAhZFcz9f8bh9h9Uq..j4GGLZYdmcksJejmETnNkPPI4Haw2a', 7, '976293698884546', '1977-01-03', 'male', 'xhdl', 'frro', '90192703397', 1, '0000-00-00 00:00:00', '0000-00-00 00:00:00'),
(20, 'Marcus', 'Glover', 'anika29@hotmail.com', '1-122-736-3922x', '$2y$10$zzrwljI6RGed.LbXug.yZerv58yib.O5AKwFPT1uhWcaQTh/zxxhK', 2, '901575913652777', '2000-03-30', 'male', 'wzhm', 'cyzc', '25902936066', 1, '0000-00-00 00:00:00', '0000-00-00 00:00:00'),
(21, 'Hortense', 'Tillman', 'tillman.kiehn@muller.org', '973-603-4693x80', '$2y$10$SoHZTBBekPUAeSD5I1iJwup5bLq46oqSWz59HPbQ8g4JvhoxJie3y', 1, '37039527669548', '1978-01-20', 'male', 'ljzb', 'ajip', '51841697331', 1, '0000-00-00 00:00:00', '0000-00-00 00:00:00'),
(22, 'Ayla', 'Toy', 'medhurst.bobby@ankunding.net', '167.468.4630x93', '$2y$10$EjfMX4yJGGlevTlQOJ2gO.f5oWBjrizPGm9Uu5n5CMhzNBYuSTzcC', 7, '379839523695409', '2007-06-06', 'male', 'akha', 'ukhr', '12761802014', 1, '0000-00-00 00:00:00', '0000-00-00 00:00:00'),
(23, 'Jamey', 'Stroman', 'jtowne@steuberstokes.biz', '831.305.1272x19', '$2y$10$fTQNDfu33KA5PLcv5WHrV.LMa0ZJM1Xs7.2otplB3iXfHsZFfouqu', 9, '523627665825188', '1986-12-28', 'male', 'yfzh', 'cgfk', '13115731321', 1, '0000-00-00 00:00:00', '0000-00-00 00:00:00'),
(24, 'Humberto', 'Luettgen', 'bcole@gmail.com', '(561)888-7050x6', '$2y$10$44YKW.8mpchMqRxP4GR/zuWTu3JvRmi5rnqtRYYmNuhD/mjyOWVO.', 5, '669812682084739', '2002-04-24', 'male', 'zlfq', 'qqvw', '50572724945', 1, '0000-00-00 00:00:00', '0000-00-00 00:00:00'),
(25, 'Darion', 'Legros', 'smclaughlin@hotmail.com', '937-677-3942', '$2y$10$PZob6ZkREslkVjVWxpb.Ju688.NLIYqGNrwtIRJee7JErfxqDecRC', 6, '405848258640617', '2014-10-03', 'male', 'mliy', 'ohzq', '78736662414', 1, '0000-00-00 00:00:00', '0000-00-00 00:00:00'),
(26, 'Harry', 'Collins', 'hoppe.cade@yahoo.com', '083-508-3328x60', '$2y$10$cc.ncvcwBMe.rR6/uryb1O8WkerqVcAeDsHCqnlenEMhagzD0z9iq', 6, '107924032025039', '1986-07-06', 'male', 'cqjj', 'nini', '1980718629', 1, '0000-00-00 00:00:00', '0000-00-00 00:00:00'),
(27, 'Oswald', 'Cronin', 'derick.will@hilll.net', '380-826-7775', '$2y$10$6uGEkCM91s3oSvMpJEBJx.bjx/scJNKdGWXW1P9KM2X0oM9LiU/uC', 7, '700787302572280', '1995-06-18', 'male', 'uqfr', 'dfkz', '45590554432', 1, '0000-00-00 00:00:00', '0000-00-00 00:00:00'),
(28, 'Dalton', 'Will', 'saige71@gmail.com', '+27(1)042423542', '$2y$10$JA6XyIaD2YDIJQ5ft7zpou331w.TqFQQCaoDtsjfx6xoDLA0EHXbW', 1, '649113741703331', '1998-09-12', 'male', 'zfoz', 'liiq', '22642744868', 1, '0000-00-00 00:00:00', '0000-00-00 00:00:00'),
(29, 'Marlon', 'D''Amore', 'jcronin@sawayn.com', '(220)469-5814', '$2y$10$7SeciBgfjXvN1SoAHBVNT.CB3C5scvPIU6d3jhTkRUz0V7sPTUN.q', 9, '375251109246164', '1988-05-15', 'male', 'kire', 'vxoe', '44812832282', 1, '0000-00-00 00:00:00', '0000-00-00 00:00:00'),
(30, 'Faye', 'Christiansen', 'stacy62@ortiz.com', '(648)002-0980x2', '$2y$10$GFiiQT5UrYfX2aJmWN7LheMSeJRuO.ZTJF0oCcHhOtTx7tXYt.utW', 7, '255977483931928', '1970-04-02', 'male', 'ibkh', 'oaga', '54483976662', 1, '0000-00-00 00:00:00', '0000-00-00 00:00:00'),
(31, 'Ismael', 'Cassin', 'lconroy@langworth.info', '725.794.7205', '$2y$10$619f6FQufobPwGBpOywjHevuX.5YD94qiJ6dnb4a.jq/BQ1kVQ6O.', 4, '879731916356831', '1996-07-17', 'male', 'erhz', 'lkiu', '54731426968', 1, '0000-00-00 00:00:00', '0000-00-00 00:00:00'),
(32, 'Alyson', 'Bartell', 'ramiro40@connelly.com', '(741)436-4063', '$2y$10$.cMhQzcHx5EgANqy5ADOLOkhyQ0BUIn3iGfr6cQ2uXLZpj1/zHwYy', 3, '599619164597243', '2007-07-30', 'male', 'ghgo', 'wykr', '26407386085', 1, '0000-00-00 00:00:00', '0000-00-00 00:00:00'),
(33, 'Pauline', 'Toy', 'makenzie33@greenholt.biz', '(150)192-2694x0', '$2y$10$/2kAEpej0.lwW9AXebOyAuuh41nouL/MauB59GSADV.Mdg5zsF9EG', 2, '591351724229753', '1972-08-31', 'male', 'rfwx', 'bksj', '20182187432', 1, '0000-00-00 00:00:00', '0000-00-00 00:00:00'),
(34, 'Camille', 'Skiles', 'isabella32@gmail.com', '(931)265-3330x1', '$2y$10$rgYOd1oNIxHdUqivlZidnubfOVyWj.qy9Xv2NXlKYl3zJeyK27.tO', 3, '102656699251383', '1979-03-01', 'male', 'ujuq', 'xfkv', '8116754702', 1, '0000-00-00 00:00:00', '0000-00-00 00:00:00'),
(35, 'Teresa', 'Larkin', 'clare.hackett@bartoneffertz.com', '278.832.1764', '$2y$10$iY8e5tg3Zz1qTv0P4Ap4HeCGGXf1Fp3ZQ.Y7A5aXH8j5dGgQVlgde', 5, '924505608621984', '1983-01-31', 'male', 'pbvz', 'eudc', '1799818106', 1, '0000-00-00 00:00:00', '0000-00-00 00:00:00'),
(36, 'Robert', 'Emmerich', 'khettinger@yahoo.com', '399-738-0280', '$2y$10$q1xxa3vlNCva4gS8SDdG2u7SdzYpBYMwaq2rHBRxasthRXh9FcSEG', 7, '826280712150037', '1993-06-27', 'male', 'ywwh', 'osip', '7549030328', 1, '0000-00-00 00:00:00', '0000-00-00 00:00:00'),
(37, 'Charlotte', 'Reynolds', 'lhudson@hilll.com', '03053108760', '$2y$10$Qa04NB4ymj5qkdwbX3uYE.mhHxd5iBHxB5V5h3KB5niELM8ynK8fi', 4, '424013661686331', '1983-06-09', 'male', 'ekkm', 'yfbz', '68517969446', 1, '0000-00-00 00:00:00', '0000-00-00 00:00:00'),
(38, 'Carson', 'Abshire', 'qjaskolski@gmail.com', '05484020710', '$2y$10$4e7sAQaqnETCj5ZIyBP6qubJ8iA2Q5B5BVypR0HaOHYnqJOQ/ALY.', 5, '314534619450569', '1989-08-27', 'male', 'wldc', 'trle', '51517214938', 1, '0000-00-00 00:00:00', '0000-00-00 00:00:00'),
(39, 'Lyla', 'Shields', 'erussel@yahoo.com', '1-115-916-1639x', '$2y$10$NiTIzY9Sp4wR2clAijo81ei/aLw2AgQojLV/RTHe3b3ZdP6SoIS5q', 7, '358473457396030', '1996-06-29', 'male', 'ykmv', 'dfzk', '83623905516', 1, '0000-00-00 00:00:00', '0000-00-00 00:00:00'),
(40, 'Stephan', 'Ryan', 'issac.collins@bruen.info', '1-786-779-7493x', '$2y$10$YqCqBD04BnSgAw0vxHA9Z.XEarPZKO2wrDLxQ9Cu9g//xDDc9lZ7y', 2, '303019135259091', '2013-08-06', 'male', 'pfgg', 'rpka', '16613707610', 1, '0000-00-00 00:00:00', '0000-00-00 00:00:00');

-- --------------------------------------------------------

--
-- Table structure for table `Venues`
--

CREATE TABLE IF NOT EXISTS `Venues` (
  `venue_id` int(10) unsigned NOT NULL AUTO_INCREMENT,
  `venue` varchar(50) COLLATE utf8_unicode_ci NOT NULL,
  `venue_location` int(11) NOT NULL,
  `venue_locality` varchar(50) COLLATE utf8_unicode_ci DEFAULT NULL,
  `venue_address` varchar(255) COLLATE utf8_unicode_ci NOT NULL,
  `venue_landmark` varchar(50) COLLATE utf8_unicode_ci DEFAULT NULL,
  `venue_pincode` varchar(10) COLLATE utf8_unicode_ci NOT NULL,
  `venue_contact_no` varchar(10) COLLATE utf8_unicode_ci NOT NULL,
  `venue_institute_id` int(11) NOT NULL,
  `venue_latitude` varchar(50) COLLATE utf8_unicode_ci DEFAULT NULL,
  `venue_longitude` varchar(50) COLLATE utf8_unicode_ci DEFAULT NULL,
  `created_at` timestamp NOT NULL DEFAULT '0000-00-00 00:00:00',
  `updated_at` timestamp NOT NULL DEFAULT '0000-00-00 00:00:00',
  PRIMARY KEY (`venue_id`)
) ENGINE=InnoDB  DEFAULT CHARSET=utf8 COLLATE=utf8_unicode_ci AUTO_INCREMENT=21 ;

--
-- Dumping data for table `Venues`
--

INSERT INTO `Venues` (`venue_id`, `venue`, `venue_location`, `venue_locality`, `venue_address`, `venue_landmark`, `venue_pincode`, `venue_contact_no`, `venue_institute_id`, `venue_latitude`, `venue_longitude`, `created_at`, `updated_at`) VALUES
(1, 'Helga Windler II', 6, 'Marina Motorway', '54 Watsica Hills\nPurdymouth\nW8V 9MI', NULL, 'MB22 4JB', '(608)639-5', 9, '45.751159', '-119.837930', '0000-00-00 00:00:00', '0000-00-00 00:00:00'),
(2, 'Sierra Spinka', 6, 'Kertzmann Courts', '536 Crona Canyon\nHauckmouth\nWM20 8JJ', NULL, 'WA4I 0ZU', '0991789883', 6, '-11.495554', '-33.967090', '0000-00-00 00:00:00', '0000-00-00 00:00:00'),
(3, 'Mrs. Mercedes Runte Sr.', 7, 'Reichert Lights', 'Studio 67b\nLouisa Cove\nWest Serenityville\nT1K 2NF', NULL, 'Q6H 3UC', '(252)218-6', 4, '-30.998499', '1.658535', '0000-00-00 00:00:00', '0000-00-00 00:00:00'),
(4, 'Gwen Williamson', 8, 'Lilliana Ville', 'Flat 52\nJerrod Shore\nPort Allisontown\nA97 9CE', NULL, 'IU16 7JF', '+16(9)1028', 1, '-58.273670', '54.190985', '0000-00-00 00:00:00', '0000-00-00 00:00:00'),
(5, 'Mrs. Sandy Schneider', 9, 'Erdman Squares', '874 Daugherty Dam\nHaneview\nYQ01 6VA', NULL, 'P3C 6SZ', '775-783-08', 8, '-36.126948', '-4.946804', '0000-00-00 00:00:00', '0000-00-00 00:00:00'),
(6, 'Kenna Hessel', 1, 'Kling Greens', '12 Willms Ridge\nRichmondfurt\nC5U 0RF', NULL, 'HA96 6MH', '(216)135-9', 3, '49.144387', '144.843466', '0000-00-00 00:00:00', '0000-00-00 00:00:00'),
(7, 'Tara Emard', 2, 'O''Keefe Cliff', 'Flat 32\nJohns Courts\nClaudiemouth\nAI6D 3FE', NULL, 'XR38 4TU', '(987)206-4', 5, '56.576384', '5.887184', '0000-00-00 00:00:00', '0000-00-00 00:00:00'),
(8, 'Federico Bashirian', 5, 'Stokes Stream', '13 Shanahan Motorway\nMurrayville\nPN5M 4OT', NULL, 'Y0I 9WG', '(272)932-0', 2, '-37.444148', '-44.057707', '0000-00-00 00:00:00', '0000-00-00 00:00:00'),
(9, 'Micheal Rice I', 7, 'Tre Falls', 'Studio 15l\nWintheiser Wall\nEast Janickport\nPY1 8QN', NULL, 'C9 4FI', '(163)614-4', 8, '-47.446619', '39.185083', '0000-00-00 00:00:00', '0000-00-00 00:00:00'),
(10, 'Adrien Considine DDS', 5, 'Streich Lock', '6 Rath Mill\nLake Doraview\nRG7 1EG', NULL, 'PT99 6CR', '+55(8)9478', 4, '8.917593', '-43.469256', '0000-00-00 00:00:00', '0000-00-00 00:00:00'),
(11, 'Miss Yadira Kirlin DVM', 6, 'Lesch Shoals', '7 Hailey Rapid\nWest Magali\nD2T 7PT', NULL, 'FX45 4IU', '(791)069-5', 6, '-22.346014', '-64.759553', '0000-00-00 00:00:00', '0000-00-00 00:00:00'),
(12, 'Stone Jacobi DVM', 6, 'Upton Drive', '2 Elise Plain\nSouth Libbyborough\nQG9 5LW', NULL, 'PE3T 8XZ', '289-718-99', 9, '62.724903', '136.874508', '0000-00-00 00:00:00', '0000-00-00 00:00:00'),
(13, 'Malinda Miller', 5, 'Balistreri Lakes', '66 Brandyn Harbours\nCoystad\nPL18 2GN', NULL, 'D7Z 0JW', '607-756-43', 4, '62.328926', '-82.485555', '0000-00-00 00:00:00', '0000-00-00 00:00:00'),
(14, 'Rebeka Herman', 4, 'Giuseppe Radial', '6 Delia Causeway\nSouth Bertview\nM6 8ZF', NULL, 'TX71 9JR', '0261776051', 3, '-67.893604', '-164.253983', '0000-00-00 00:00:00', '0000-00-00 00:00:00'),
(15, 'Sydney Schmitt', 4, 'Conner Crossing', 'Studio 20b\nCruickshank Lodge\nPort Lon\nD8Q 5HP', NULL, 'LM3 8AG', '959-883-27', 6, '-41.107916', '-42.641914', '0000-00-00 00:00:00', '0000-00-00 00:00:00'),
(16, 'Dr. Rey Wunsch DVM', 6, 'Beier Grove', '388 Sauer Drive\nKshlerinview\nU6 9IP', NULL, 'VE65 5WH', '586-601-81', 9, '-76.322274', '143.999059', '0000-00-00 00:00:00', '0000-00-00 00:00:00'),
(17, 'Isabelle Stracke', 2, 'Johns Forges', '116 Emerald Key\nMyrahaven\nC9 1GM', NULL, 'NB2J 6WO', '235.028.23', 8, '-8.957924', '136.576613', '0000-00-00 00:00:00', '0000-00-00 00:00:00'),
(18, 'Emilio Stracke', 1, 'Steuber Bridge', 'Studio 23\nMariane Curve\nLake Lacyborough\nRZ5V 0VK', NULL, 'M1 7SD', '1-403-255-', 6, '13.490714', '117.663266', '0000-00-00 00:00:00', '0000-00-00 00:00:00'),
(19, 'Leonie Tremblay IV', 3, 'Gail Parks', 'Flat 51k\nWeber Via\nLake Alfredofort\nAB2 0QC', NULL, 'YO15 2WZ', '(880)112-9', 8, '-88.036525', '20.426524', '0000-00-00 00:00:00', '0000-00-00 00:00:00'),
(20, 'Miss Louisa Hagenes', 2, 'Bernice Harbours', 'Studio 08r\nKris Alley\nNew Leehaven\nIZ69 9NH', NULL, 'FU1V 5CF', '1-835-871-', 4, '-34.298820', '9.692575', '0000-00-00 00:00:00', '0000-00-00 00:00:00');

/*!40101 SET CHARACTER_SET_CLIENT=@OLD_CHARACTER_SET_CLIENT */;
/*!40101 SET CHARACTER_SET_RESULTS=@OLD_CHARACTER_SET_RESULTS */;
/*!40101 SET COLLATION_CONNECTION=@OLD_COLLATION_CONNECTION */;
